number,id,title,included,reason,theist_side,theist_label,theist_speaker,non_theist_side,non_theist_label,non_theist_speaker,theist_score,non_theist_score,margin_non_theist_minus_theist
01,craig-oconnor-god-debate-2026,Alex O'Connor vs William Lane Craig: Does God Exist?,True,one published theistic/religious side and one published non-theistic/skeptical side,pro,Theist,William Lane Craig,con,Agnostic atheist,Alex O'Connor,76,82,6
02,craig-hitchens-god-existence-2009,William Lane Craig vs Christopher Hitchens: Does God Exist?,True,one published theistic/religious side and one published non-theistic/skeptical side,pro,Christian theist,William Lane Craig,con,Atheist critic,Christopher Hitchens,78,82,4
03,hitchens-dsouza-religion-problem-2010,Christopher Hitchens vs Dinesh D'Souza: Is Religion the Problem?,True,one published theistic/religious side and one published non-theistic/skeptical side,con,God explains the problem,Dinesh D'Souza,pro,Religion is the problem,Christopher Hitchens,75,83,8
04,lennox-atkins-science-explain-everything-2019,John Lennox vs Peter Atkins: Can Science Explain Everything?,False,"religion-adjacent, but no explicit theist-vs-non-theist side comparison",,,,,,,,,
05,dillahunty-ten-bruggencate-reasonable-god-2014,Matt Dillahunty vs Sye Ten Bruggencate: Is It Reasonable to Believe God Exists?,True,one published theistic/religious side and one published non-theistic/skeptical side,pro,Presuppositional theist,Sye Ten Bruggencate,con,Skeptical atheist,Matt Dillahunty,64,88,24
06,dsouza-dillahunty-god-woman-2023,Dinesh D'Souza vs Matt Dillahunty: Does God Exist? What Is a Woman?,True,one published theistic/religious side and one published non-theistic/skeptical side,pro,Theistic conservative,Dinesh D'Souza,con,Secular humanist,Matt Dillahunty,77,87,10
07,wood-oconnor-jesus-claim-god-2025,David Wood vs Alex O'Connor: Did Jesus Claim to Be God?,True,one published theistic/religious side and one published non-theistic/skeptical side,pro,Affirmative,David Wood,con,Critical reader,Alex O'Connor,83,90,7
08,wood-shermer-god-exist-2022,David Wood vs Michael Shermer: Does God Exist?,True,one published theistic/religious side and one published non-theistic/skeptical side,pro,Theist,David Wood,con,Skeptic,Michael Shermer,73,80,7
09,peterson-dillahunty-god-debate-2023,Jordan Peterson vs Matt Dillahunty: The Greatest God Debate In History,True,one published theistic/religious side and one published non-theistic/skeptical side,pro,Religious pragmatist,Jordan Peterson,con,Secular skeptic,Matt Dillahunty,73,89,16
10,craig-harris-moral-foundations-2011,William Lane Craig vs Sam Harris: The God Debate II,True,one published theistic/religious side and one published non-theistic/skeptical side,pro,Supernatural foundation,William Lane Craig,con,Natural foundation,Sam Harris,79,79,0
11,dsouza-ehrman-god-suffering-evil-2025,"Dinesh D'Souza vs Bart Ehrman: God, Suffering, and Evil",True,one published theistic/religious side and one published non-theistic/skeptical side,pro,Theistic answer,Dinesh D'Souza,con,Skeptical challenge,Bart Ehrman,79,87,8
12,settecase-jump-evidence-for-god-2025,Joel Settecase vs Tom Jump: Is There Evidence for God?,True,one published theistic/religious side and one published non-theistic/skeptical side,pro,Christian theism,Joel Settecase,con,Atheist naturalism,Tom Jump,84,78,-6
13,knechtle-oconnor-christian-morality-2025,"Cliffe Knechtle vs Alex O'Connor: Christianity, Scripture, and Morality",True,one published theistic/religious side and one published non-theistic/skeptical side,pro,Christian defense,Cliffe Knechtle,con,Skeptical critique,Alex O'Connor,76,87,11
14,jones-carrier-god-existence-2025,Michael Jones vs Richard Carrier: Does God Exist?,True,one published theistic/religious side and one published non-theistic/skeptical side,pro,Theistic idealism,Michael Jones,con,Secular naturalism,Richard Carrier,74,73,-1
15,hitchens-lennox-is-god-great-2017,Christopher Hitchens vs John Lennox: Is God Great?,True,one published theistic/religious side and one published non-theistic/skeptical side,pro,Christian theism,John Lennox,con,Anti-theism,Christopher Hitchens,77,81,4
16,hirsi-ali-dawkins-god-debate-2024,Ayaan Hirsi Ali vs Richard Dawkins: The God Debate,True,one published theistic/religious side and one published non-theistic/skeptical side,pro,Christian renewal,Ayaan Hirsi Ali,con,Atheist truth test,Richard Dawkins,74,84,10
17,collins-oconnor-god-existence-2024,Francis Collins vs Alex O'Connor: Does God Exist?,True,one published theistic/religious side and one published non-theistic/skeptical side,pro,Christian theism,Francis Collins,con,Skeptical agnosticism,Alex O'Connor,79,88,9
19,harris-oconnor-objective-morality-2024,Sam Harris vs Alex O'Connor: Objective Morality and Emotivism,False,no position-level theist-vs-non-theist comparison,,,,,,,,,
20,hitchens-hitchens-iraq-god-2008,"Christopher Hitchens vs Peter Hitchens: Iraq, God, and Moral Authority",True,one published theistic/religious side and one published non-theistic/skeptical side,con,Restraint and theism,Peter Hitchens,pro,Intervention and anti-theism,Christopher Hitchens,77,79,2
21,hitchens-wolpe-great-god-debate-2010,Christopher Hitchens vs Rabbi David Wolpe: The Great God Debate,True,one published theistic/religious side and one published non-theistic/skeptical side,con,Jewish theism,Rabbi David Wolpe,pro,Atheist critique,Christopher Hitchens,76,85,9
22,turek-hitchens-god-existence-2008,Frank Turek vs Christopher Hitchens: Does God Exist?,True,one published theistic/religious side and one published non-theistic/skeptical side,pro,Christian theism,Frank Turek,con,Anti-theism,Christopher Hitchens,74,81,7
23,oconnor-biddle-objective-morality-2024,Alex O'Connor vs Craig Biddle: Is Morality Objective?,False,no position-level theist-vs-non-theist comparison,,,,,,,,,
24,hitchens-olasky-religion-grace-2007,"Christopher Hitchens vs Marvin Olasky: Religion, Grace, and Secular Morality",True,one published theistic/religious side and one published non-theistic/skeptical side,con,Christian grace,Marvin Olasky,pro,Anti-theist critique,Christopher Hitchens,82,80,-2
25,hitchens-ramadan-islam-peace-2010,Christopher Hitchens vs Tariq Ramadan: Is Islam a Religion of Peace?,True,one published theistic/religious side and one published non-theistic/skeptical side,con,Reformist Islam,Tariq Ramadan,pro,Islam-not-peace critique,Christopher Hitchens,82,80,-2
26,turek-hitchens-reality-theism-atheism-2011,Frank Turek vs Christopher Hitchens: What Best Explains Reality?,True,one published theistic/religious side and one published non-theistic/skeptical side,pro,Theism explains reality,Frank Turek,con,Atheism explains reality,Christopher Hitchens,74,83,9
27,oconnor-turek-evil-moral-argument-2017,Alex O'Connor vs Frank Turek: The Moral Argument Debate,True,one published theistic/religious side and one published non-theistic/skeptical side,pro,Moral argument,Frank Turek,con,Subjective morality,Alex O'Connor,76,87,11
28,turek-shermer-reality-theism-atheism-2018,Frank Turek vs Michael Shermer: What Best Explains Reality?,True,one published theistic/religious side and one published non-theistic/skeptical side,pro,Theistic explanation,Frank Turek,con,Scientific skepticism,Michael Shermer,72,83,11
29,turek-silverman-reality-theism-atheism-2013,Frank Turek vs David Silverman: Which Better Explains Reality?,True,one published theistic/religious side and one published non-theistic/skeptical side,pro,Theism explains reality,Frank Turek,con,Atheism explains reality,David Silverman,77,78,1
30,lowder-turek-naturalism-theism-2016,Jeffery Jay Lowder vs Frank Turek: Naturalism or Theism?,True,one published theistic/religious side and one published non-theistic/skeptical side,con,Theism explains reality,Frank Turek,pro,Naturalism explains reality,Jeffery Jay Lowder,70,85,15
31,oconnor-craig-resurrection-2023,Alex O'Connor vs William Lane Craig: Did Jesus Rise From the Dead?,True,one published theistic/religious side and one published non-theistic/skeptical side,pro,Resurrection case,William Lane Craig,con,Historical skepticism,Alex O'Connor,86,88,2
33,craig-carroll-god-cosmology-2014,William Lane Craig vs Sean Carroll: God and Cosmology,True,one published theistic/religious side and one published non-theistic/skeptical side,pro,Theistic cosmology,William Lane Craig,con,Naturalistic cosmology,Sean Carroll,83,90,7
34,goff-carroll-consciousness-fundamental-2023,Philip Goff vs Sean Carroll: Is Consciousness Fundamental?,False,no position-level theist-vs-non-theist comparison,,,,,,,,,
36,carroll-halvorson-metaphysics-worldview-2016,Sean Carroll vs Hans Halvorson: Metaphysics,True,one published theistic/religious side and one published non-theistic/skeptical side,con,Theist,Hans Halvorson,pro,Naturalist,Sean Carroll,87,84,-3
37,ehrman-bass-resurrection-history-2023,Bart Ehrman vs Justin Bass: Did Jesus of Nazareth Rise From the Dead?,True,one published theistic/religious side and one published non-theistic/skeptical side,pro,Resurrection defender,Justin Bass,con,Skeptical historian,Bart Ehrman,78,88,10
38,mcdowell-ehrman-moral-objectivity-2026,"Sean McDowell vs Bart Ehrman: The Moral Argument, Guilt, and the Teachings of Jesus",False,no position-level theist-vs-non-theist comparison,,,,,,,,,
39,lambert-jones-christian-faith-skepticism-2021,Derek Lambert vs Michael Jones: Atheist and Christian Discussion,True,one published theistic/religious side and one published non-theistic/skeptical side,pro,Believer,Michael Jones,con,Non-believer,Derek Lambert,79,81,2
40,enoch-bush-objective-moral-truths-2026,David Enoch vs Lance Bush: Are There Objective Moral Truths?,False,no position-level theist-vs-non-theist comparison,,,,,,,,,
41,huemer-bush-objective-moral-facts-2024,Michael Huemer vs Lance Bush: Do Objective Moral Facts Exist?,False,no position-level theist-vs-non-theist comparison,,,,,,,,,
42,schmid-tomaszewski-divine-simplicity-2020,Joe Schmid vs Chris Tomaszewski: Is Divine Simplicity True?,True,one published theistic/religious side and one published non-theistic/skeptical side,pro,Classical theist,Chris Tomaszewski,con,Agnostic critic,Joe Schmid,86,87,1
43,meyer-halper-cosmology-fine-tuning-2026,Stephen Meyer vs Phil Halper: The Big Bang and Fine-Tuning,True,one published theistic/religious side and one published non-theistic/skeptical side,pro,Design theist,Stephen Meyer,con,Cosmology skeptic,Phil Halper,79,90,11
44,oconnor-biddle-free-will-2025,Alex O'Connor vs Craig Biddle: Free Will - Do You Have It?,False,no position-level theist-vs-non-theist comparison,,,,,,,,,
46,shapiro-oconnor-atheist-delusion-society-2023,"Ben Shapiro vs Alex O'Connor: The Atheist Delusion, Free Will, and Society",True,one published theistic/religious side and one published non-theistic/skeptical side,pro,Religious social order,Ben Shapiro,con,Secular skeptical critique,Alex O'Connor,71,87,16
47,jones-krauss-christianity-secular-ethics-2025,Michael Jones vs Lawrence Krauss: Christianity or Secular Ethics - What's Best for Society?,True,one published theistic/religious side and one published non-theistic/skeptical side,pro,Christian society,Michael Jones,con,Secular ethics,Lawrence Krauss,79,76,-3
48,scrivener-folley-hiddenness-evil-moral-narrative-2025,"Glen Scrivener vs Joe Folley: Morality, Evil, Consciousness, and Christian Narrative",True,one published theistic/religious side and one published non-theistic/skeptical side,pro,Christian theism,Glen Scrivener,con,Agnostic philosophy,Joe Folley,74,84,10
49,dyer-dillahunty-transcendental-theism-2019,Jay Dyer vs Matt Dillahunty: Transcendental Argument for Theism,True,one published theistic/religious side and one published non-theistic/skeptical side,pro,Orthodox theism,Jay Dyer,con,Skeptical atheism,Matt Dillahunty,76,89,13
50,knechtle-dillahunty-christianity-true-2023,Cliffe Knechtle vs Matt Dillahunty: Is Christianity True?,True,one published theistic/religious side and one published non-theistic/skeptical side,pro,Christianity is true,Cliffe Knechtle,con,Skeptical atheism,Matt Dillahunty,73,90,17
51,lennox-atkins-duelling-professors-2012,John Lennox vs Peter Atkins: Duelling Professors on Science and God,True,one published theistic/religious side and one published non-theistic/skeptical side,pro,Christian theism,John Lennox,con,Scientific atheism,Peter Atkins,79,72,-7
52,horn-dillahunty-resurrection-reasonable-2021,Trent Horn vs Matt Dillahunty: Is Belief in the Resurrection Reasonable?,True,one published theistic/religious side and one published non-theistic/skeptical side,pro,Resurrection belief is reasonable,Trent Horn,con,Resurrection belief is unreasonable,Matt Dillahunty,82,83,1
53,oconnor-dsouza-bible-true-2024,Alex O'Connor vs Dinesh D'Souza: Is the Bible True?,True,one published theistic/religious side and one published non-theistic/skeptical side,pro,Bible as true revelation,Dinesh D'Souza,con,Biblical skepticism,Alex O'Connor,76,91,15
54,jones-law-christianity-humanism-future-2025,Michael Jones vs Stephen Law: Christianity vs Humanism,True,one published theistic/religious side and one published non-theistic/skeptical side,pro,Christianity offers the brighter future,Michael Jones,con,Humanism offers the brighter future,Stephen Law,72,81,9
55,craig-malpass-kalam-nothing-2026,William Lane Craig vs Alex Malpass: Can Something Come From Nothing?,True,one published theistic/religious side and one published non-theistic/skeptical side,pro,Kalam defender,William Lane Craig,con,Kalam critic,Alex Malpass,75,91,16
56,huemer-lutz-morality-real-2026,Mike Huemer vs Matt Lutz: Is Morality Real?,False,no position-level theist-vs-non-theist comparison,,,,,,,,,
57,scrivener-dillahunty-atheism-morality-2020,Glen Scrivener vs Matt Dillahunty: Can Atheism Deliver a Better World?,True,one published theistic/religious side and one published non-theistic/skeptical side,pro,Christian moral foundation,Glen Scrivener,con,Secular humanism,Matt Dillahunty,77,86,9
58,dillahunty-slick-secular-humanism-christianity-2016,Matt Dillahunty vs Matt Slick: Is Secular Humanism Superior to Christianity?,True,one published theistic/religious side and one published non-theistic/skeptical side,con,Christian foundations,Matt Slick,pro,Secular humanism,Matt Dillahunty,74,82,8
59,bollore-halper-god-science-evidence-2026,Michel-Yves Bollore vs Phil Halper: Does Science Point to God?,True,one published theistic/religious side and one published non-theistic/skeptical side,pro,Christian theism,Michel-Yves Bollore,con,Scientific skepticism,Phil Halper,69,88,19
60,horn-oconnor-jesus-resurrection-2026,Trent Horn vs Alex O'Connor: Did Jesus Rise From the Dead?,True,one published theistic/religious side and one published non-theistic/skeptical side,pro,Resurrection case,Trent Horn,con,Historical skepticism,Alex O'Connor,78,86,8
61,scrivener-oconnor-morality-bible-slavery-2026,"Glen Scrivener vs Alex O'Connor: Morality, Freedom, Slavery, and the Bible",True,one published theistic/religious side and one published non-theistic/skeptical side,pro,Christian moral genealogy,Glen Scrivener,con,Secular moral critique,Alex O'Connor,81,89,8
62,pageau-folley-logos-meaning-resurrection-2026,"Jonathan Pageau vs Joe Folley: Genesis, Jesus, Science, and Faith",True,one published theistic/religious side and one published non-theistic/skeptical side,pro,Symbolic theism,Jonathan Pageau,con,Atheist pragmatism,Joe Folley,76,88,12
63,butt-shermer-god-bible-2023,Kyle Butt vs Michael Shermer: Does the God of the Bible Exist?,True,one published theistic/religious side and one published non-theistic/skeptical side,pro,Biblical theism,Kyle Butt,con,Skeptical naturalism,Michael Shermer,71,86,15
64,pine-watkins-god-existence-2020,Gregory Pine vs Ben Watkins: Does God Exist?,True,one published theistic/religious side and one published non-theistic/skeptical side,pro,Thomistic theism,Gregory Pine,con,Analytic atheism,Ben Watkins,79,86,7
65,donahue-malpass-fine-tuning-god-2026,Miles K. Donahue vs Alex Malpass: Does Fine-Tuning Point to God?,True,one published theistic/religious side and one published non-theistic/skeptical side,pro,Fine-tuning theism,Miles K. Donahue,con,Naturalistic skepticism,Alex Malpass,79,80,1
66,donahue-fodor-case-against-christianity-2025,Miles K. Donahue vs James Fodor: The Case Against Christianity,True,one published theistic/religious side and one published non-theistic/skeptical side,pro,Reflective Christianity,Miles K. Donahue,con,Skeptical atheism,James Fodor,81,83,2
67,jones-fodor-digital-physics-god-2021,Michael Jones vs James Fodor: The Digital Physics Argument for God,True,one published theistic/religious side and one published non-theistic/skeptical side,pro,Theistic idealism,Michael Jones,con,Materialist realism,James Fodor,71,87,16
68,jones-dillahunty-quantum-idealism-demonstrability-2026,Michael Jones vs Matt Dillahunty: Quantum Idealism and Demonstrability,True,one published theistic/religious side and one published non-theistic/skeptical side,pro,Theistic idealism,Michael Jones,con,Demonstrability critique,Matt Dillahunty,69,86,17
69,winger-dillahunty-resurrection-unreasonable-2019,Mike Winger vs Matt Dillahunty: Is Belief in the Resurrection Unreasonable?,True,one published theistic/religious side and one published non-theistic/skeptical side,pro,Resurrection defense,Mike Winger,con,Skeptical burden test,Matt Dillahunty,80,86,6
70,malpass-anderson-logic-god-2021,Alex Malpass vs James Anderson: Does Logic Prove God?,True,one published theistic/religious side and one published non-theistic/skeptical side,pro,Divine conceptualism,James Anderson,con,Platonist critique,Alex Malpass,86,82,-4
72,dyer-malpass-tag-argument-2019,Jay Dyer vs Alex Malpass: The TAG Argument,True,one published theistic/religious side and one published non-theistic/skeptical side,pro,Orthodox TAG,Jay Dyer,con,Analytic critique,Alex Malpass,74,91,17
73,hawkins-folley-free-will-compatibilism-2026,Nathan Hawkins vs Joe Folley: Do We Really Have Free Will?,False,no position-level theist-vs-non-theist comparison,,,,,,,,,
74,rasmussen-malpass-suffering-causal-finitism-2021,"Josh Rasmussen vs Alex Malpass: Suffering, Theism, and Causal Finitism",True,one published theistic/religious side and one published non-theistic/skeptical side,pro,Theistic modal defense,Josh Rasmussen,con,Analytic evidential critique,Alex Malpass,82,89,7
75,rasmussen-clifton-contingency-argument-2019,Josh Rasmussen vs Scott Clifton: Is the Contingency Argument Persuasive?,True,one published theistic/religious side and one published non-theistic/skeptical side,pro,Necessary-foundation theist,Josh Rasmussen,con,Brute-foundation skeptic,Scott Clifton,79,87,8
76,craig-oppy-mathematics-theism-2020,William Lane Craig vs Graham Oppy: Does Math Point to God?,True,one published theistic/religious side and one published non-theistic/skeptical side,pro,Theistic mathematical explanation,William Lane Craig,con,Naturalistic necessity critique,Graham Oppy,81,84,3
77,feser-oppy-arguments-for-god-2020,Ed Feser vs Graham Oppy: Are There Any Good Arguments for God?,True,one published theistic/religious side and one published non-theistic/skeptical side,pro,Aristotelian theist,Ed Feser,con,Theory-comparison skeptic,Graham Oppy,86,81,-5
78,albrecht-oppy-resurrection-ancient-christianity-2023,William Albrecht vs Graham Oppy: Resurrection and Ancient Christianity,True,one published theistic/religious side and one published non-theistic/skeptical side,pro,Catholic resurrection case,William Albrecht,con,Historical skepticism,Graham Oppy,76,83,7
79,swinburne-oppy-theism-probability-2022,Richard Swinburne vs Graham Oppy: Is Theism Probable?,True,one published theistic/religious side and one published non-theistic/skeptical side,pro,Probabilistic theism,Richard Swinburne,con,Comparative naturalism,Graham Oppy,80,85,5
80,rasmussen-schmid-argument-from-limits-2023,Josh Rasmussen vs Joe Schmid: The Argument from Limits,True,one published theistic/religious side and one published non-theistic/skeptical side,pro,Limits argument,Josh Rasmussen,con,Agnostic theory comparison,Joe Schmid,84,90,6
81,rasmussen-oppy-ultimate-reality-naturalism-2020,"Josh Rasmussen vs Graham Oppy: Theism, Naturalism, and Ultimate Reality",True,one published theistic/religious side and one published non-theistic/skeptical side,pro,Theistic supremacy,Josh Rasmussen,con,Naturalistic comparison,Graham Oppy,81,85,4
82,bush-mcallister-moral-anti-realism-realism-2025,Lance Bush vs Derek McAllister: Moral Anti-Realism vs Realism,False,no position-level theist-vs-non-theist comparison,,,,,,,,,
83,loke-oppy-kalam-causal-principle-2020,Andrew Loke vs Graham Oppy: Is the Kalam Sound?,True,one published theistic/religious side and one published non-theistic/skeptical side,pro,Reformulated Kalam,Andrew Loke,con,Naturalist theory comparison,Graham Oppy,74,86,12
85,atkins-fox-god-science-future-humanity-2024,Peter Atkins vs Keith Fox: God vs Science Debate,True,one published theistic/religious side and one published non-theistic/skeptical side,con,Christian theism,Keith Fox,pro,Scientific materialism,Peter Atkins,85,70,-15
86,egnor-dillahunty-god-existence-2021,Michael Egnor vs Matt Dillahunty: Does God Exist?,True,one published theistic/religious side and one published non-theistic/skeptical side,pro,Thomistic theism,Michael Egnor,con,Skeptical atheism,Matt Dillahunty,71,83,12
87,christopoulos-dillahunty-resurrection-historical-event-2024,Than Christopoulos vs Matt Dillahunty: Is the Resurrection a Historical Event?,True,one published theistic/religious side and one published non-theistic/skeptical side,pro,Resurrection historicity,Than Christopoulos,con,Skeptical naturalism,Matt Dillahunty,79,88,9
88,sechler-dillahunty-perfect-mind-universe-2022,Zac Sechler vs Matt Dillahunty: Did a Perfect Mind Create the Universe?,True,one published theistic/religious side and one published non-theistic/skeptical side,pro,Perfect-mind theism,Zac Sechler,con,Evidential skepticism,Matt Dillahunty,79,83,4
89,bignon-oppy-religious-experience-god-2022,Guillaume Bignon vs Graham Oppy: Religious Experience and the Case for God,True,one published theistic/religious side and one published non-theistic/skeptical side,pro,Religious-experience case,Guillaume Bignon,con,Naturalist caution,Graham Oppy,82,87,5
90,akin-ehrman-gospels-historically-reliable-2022,Jimmy Akin vs Bart Ehrman: Are the Gospels Historically Reliable?,True,one published theistic/religious side and one published non-theistic/skeptical side,pro,Gospel reliability,Jimmy Akin,con,Historical unreliability,Bart Ehrman,81,88,7
91,cutter-oppy-mind-brain-harmony-god-2025,Brian Cutter vs Graham Oppy: Does Mind-Brain Harmony Point to God?,True,one published theistic/religious side and one published non-theistic/skeptical side,pro,Harmony theism,Brian Cutter,con,Identity naturalism,Graham Oppy,85,85,0
92,craig-malpass-universe-begin-exist-2020,William Lane Craig vs Alex Malpass: Did the Universe Begin to Exist?,True,one published theistic/religious side and one published non-theistic/skeptical side,pro,Kalam beginning case,William Lane Craig,con,Infinity critique,Alex Malpass,79,90,11
93,hunter-dillahunty-christian-god-exist-2019,Braxton Hunter vs Matt Dillahunty: Does the Christian God Exist?,True,one published theistic/religious side and one published non-theistic/skeptical side,pro,Christian cumulative case,Braxton Hunter,con,Evidential skepticism,Matt Dillahunty,77,86,9
94,swinburne-huemer-theism-coherent-2026,Richard Swinburne vs Michael Huemer: Is Theism Coherent?,True,one published theistic/religious side and one published non-theistic/skeptical side,pro,Coherent theism,Richard Swinburne,con,Incoherence critique,Michael Huemer,75,83,8
97,holland-grayling-christianity-human-values-2019,Tom Holland vs A. C. Grayling: Did Christianity Give Us Our Human Values?,True,one published theistic/religious side and one published non-theistic/skeptical side,pro,Christian inheritance,Tom Holland,con,Classical humanism,A. C. Grayling,78,84,6
98,craig-grayling-evil-god-reasonable-2011,William Lane Craig vs A. C. Grayling: Is Belief in God Reasonable in Light of Evil?,True,one published theistic/religious side and one published non-theistic/skeptical side,pro,Theistic reasonableness,William Lane Craig,con,Secular objection,A. C. Grayling,84,86,2
99,jones-jump-digital-physics-god-2019,Michael Jones vs Tom Jump: Does God Exist?,True,one published theistic/religious side and one published non-theistic/skeptical side,pro,Theistic idealism,Michael Jones,con,Naturalistic pantheism,Tom Jump,76,80,4
100,jones-dillahunty-emergent-mind-god-2020,Michael Jones vs Matt Dillahunty: Reason to Believe in God?,True,one published theistic/religious side and one published non-theistic/skeptical side,pro,Theistic idealism,Michael Jones,con,Evidential skepticism,Matt Dillahunty,73,91,18
101,woodford-scrivener-religion-poisons-everything-2026,Stephen Woodford vs Glen Scrivener: Does Religion Poison Everything?,True,one published theistic/religious side and one published non-theistic/skeptical side,con,Christian humanism,Glen Scrivener,pro,Religion poisons,Stephen Woodford,80,83,3
102,woodford-brierley-christianity-rational-2019,Stephen Woodford vs Justin Brierley: Is Christianity Rational?,True,one published theistic/religious side and one published non-theistic/skeptical side,con,Christian rationality,Justin Brierley,pro,Christianity irrational,Stephen Woodford,77,82,5
103,woodford-edwards-rational-belief-god-2023,Stephen Woodford vs Simon Edwards: Is It Rational to Believe in God?,True,one published theistic/religious side and one published non-theistic/skeptical side,con,Rational theism,Simon Edwards,pro,Theism irrational,Stephen Woodford,78,82,4
104,oconnor-baker-hytch-argument-from-reason-2020,Alex O'Connor vs Max Baker-Hytch: The Argument for God From Reason,True,one published theistic/religious side and one published non-theistic/skeptical side,pro,Reason beyond naturalism,Max Baker-Hytch,con,Naturalistic reason,Alex O'Connor,84,82,-2
106,peterson-blackmore-god-meaning-life-2018,Jordan Peterson vs Susan Blackmore: Do We Need God to Make Sense of Life?,True,one published theistic/religious side and one published non-theistic/skeptical side,pro,Religious pragmatism,Jordan Peterson,con,Memetic atheism,Susan Blackmore,74,85,11
107,lennox-ruse-science-faith-evidence-god-2018,"John Lennox vs Michael Ruse: Science, Faith, and the Evidence for God",True,one published theistic/religious side and one published non-theistic/skeptical side,pro,Evidential Christian theism,John Lennox,con,Conservative nonbelief,Michael Ruse,79,85,6
108,ward-ruse-mind-consciousness-god-2013,"Keith Ward vs Michael Ruse: Mind, Consciousness, and God",True,one published theistic/religious side and one published non-theistic/skeptical side,pro,Mind-first theism,Keith Ward,con,Agnostic naturalism,Michael Ruse,80,82,2
109,mclatchie-oconnor-theism-naturalism-reality-2022,Jonathan McLatchie vs Alex O'Connor: Theism or Naturalism?,True,one published theistic/religious side and one published non-theistic/skeptical side,pro,Christian theism,Jonathan McLatchie,con,Atheistic naturalism,Alex O'Connor,74,83,9
110,tour-garte-evolution-agency-christian-faith-2025,"James Tour vs Sy Garte: Evolution, Agency, and Christian Faith",False,both published sides are theistic/religious,,,,,,,,,
111,tour-farina-origin-life-cluelessness-2023,Dave Farina vs James Tour: Are We Clueless About the Origin of Life?,False,no position-level theist-vs-non-theist comparison,,,,,,,,,
112,copan-woodford-belief-god-reasonable-2024,Paul Copan vs Stephen Woodford: Is Belief in God Reasonable?,True,one published theistic/religious side and one published non-theistic/skeptical side,pro,Reasonable theism,Paul Copan,con,Naturalistic skepticism,Stephen Woodford,78,81,3
113,dirckx-woodford-god-suffering-2024,Sharon Dirckx vs Stephen Woodford: Why Doesn't God Stop Suffering?,True,one published theistic/religious side and one published non-theistic/skeptical side,pro,Christian suffering framework,Sharon Dirckx,con,Atheist problem of evil,Stephen Woodford,79,80,1
114,dirckx-goff-consciousness-points-god-2019,Sharon Dirckx vs Philip Goff: Does Consciousness Point to God?,True,one published theistic/religious side and one published non-theistic/skeptical side,pro,Theistic consciousness,Sharon Dirckx,con,Non-theistic panpsychism,Philip Goff,79,81,2
116,bertuzzi-schieber-evil-evidence-2019,Cameron Bertuzzi vs Justin Schieber: The Problem of Evil,True,one published theistic/religious side and one published non-theistic/skeptical side,pro,Theistic no-evidence defense,Cameron Bertuzzi,con,Draperian evil evidence,Justin Schieber,78,87,9
117,bertuzzi-oconnor-contingency-argument-2018,Alex O'Connor vs Cameron Bertuzzi: Something From Nothing?,True,one published theistic/religious side and one published non-theistic/skeptical side,pro,Theistic contingency,Cameron Bertuzzi,con,Atheist burden critique,Alex O'Connor,81,87,6
118,hernandez-schieber-god-existence-2023,Eric Hernandez vs Justin Schieber: Does God Exist?,True,one published theistic/religious side and one published non-theistic/skeptical side,pro,Christian theism,Eric Hernandez,con,Atheistic naturalism,Justin Schieber,74,85,11
119,jones-oconnor-hell-2023,Michael Jones vs Alex O'Connor: Does God Send People to Hell?,True,one published theistic/religious side and one published non-theistic/skeptical side,pro,Christian hell defense,Michael Jones,con,Skeptical moral critique,Alex O'Connor,80,87,7
120,mclatchie-oconnor-christianity-true-2019,Jonathan McLatchie vs Alex O'Connor: Is Christianity True?,True,one published theistic/religious side and one published non-theistic/skeptical side,pro,Christian evidentialism,Jonathan McLatchie,con,Skeptical critique,Alex O'Connor,83,83,0
121,dawkins-lennox-science-buried-god-2017,Richard Dawkins vs John Lennox: Has Science Buried God?,True,one published theistic/religious side and one published non-theistic/skeptical side,pro,Christian science compatibility,John Lennox,con,Scientific naturalism,Richard Dawkins,76,82,6
122,horn-oconnor-god-existence-2020,Trent Horn vs Alex O'Connor: Does God Exist?,True,one published theistic/religious side and one published non-theistic/skeptical side,pro,Classical theism,Trent Horn,con,Agnostic skepticism,Alex O'Connor,77,83,6
123,oconnor-pine-divine-hiddenness-2024,Gregory Pine vs Alex O'Connor: The Divine Hiddenness Problem,True,one published theistic/religious side and one published non-theistic/skeptical side,pro,Catholic theism,Gregory Pine,con,Hiddenness skepticism,Alex O'Connor,74,87,13
124,harris-peterson-god-atheism-bible-2018,"Sam Harris vs Jordan Peterson: God, Atheism, The Bible, Jesus",True,one published theistic/religious side and one published non-theistic/skeptical side,pro,Religious pragmatism,Jordan Peterson,con,Secular moral realism,Sam Harris,78,84,6
126,craig-clifton-kalam-cosmological-argument-2021,William Lane Craig vs Scott Clifton: The Kalam Cosmological Argument,True,one published theistic/religious side and one published non-theistic/skeptical side,pro,Kalam defense,William Lane Craig,con,Causal-scope critique,Scott Clifton,82,88,6
127,slick-clifton-objective-morality-god-2014,Matt Slick vs Scott Clifton: Does Objective Morality Require God?,True,one published theistic/religious side and one published non-theistic/skeptical side,pro,Christian moral foundation,Matt Slick,con,Secular moral inquiry,Scott Clifton,70,89,19
128,craig-law-evil-god-challenge-2011,William Lane Craig vs Stephen Law: Does God Exist?,True,one published theistic/religious side and one published non-theistic/skeptical side,pro,Christian theism,William Lane Craig,con,Evil-God challenge,Stephen Law,76,88,12
129,plantinga-law-eaan-rational-belief-2010,Alvin Plantinga vs Stephen Law: Is the EAAN Successful?,False,"religion-adjacent, but no explicit theist-vs-non-theist side comparison",,,,,,,,,
130,licona-carrier-resurrection-history-2010,Mike Licona vs Richard Carrier: Did Jesus Rise From the Dead?,True,one published theistic/religious side and one published non-theistic/skeptical side,pro,Resurrection hypothesis,Mike Licona,con,Natural explanation,Richard Carrier,80,83,3
131,boyce-carrier-historical-jesus-mythicism-2022,Stephen Boyce vs Richard Carrier: Did Jesus Exist?,False,no position-level theist-vs-non-theist comparison,,,,,,,,,
132,mclatchie-carrier-paul-celestial-jesus-2018,Jonathan McLatchie vs Richard Carrier: Did Paul Believe in a Celestial Jesus?,False,no position-level theist-vs-non-theist comparison,,,,,,,,,
133,hawkins-folley-free-will-idealism-2026,"Nathan Hawkins vs Joe Folley: Free Will, Compatibilism, and Idealism",False,no position-level theist-vs-non-theist comparison,,,,,,,,,
134,macdonald-carrier-jesus-mythicism-mimesis-2025,Dennis R. MacDonald vs Richard Carrier: Did Jesus Exist?,False,no position-level theist-vs-non-theist comparison,,,,,,,,,
135,ehrman-price-historical-jesus-mythicism-2016,Bart Ehrman vs Robert Price: Did Jesus Exist?,False,no position-level theist-vs-non-theist comparison,,,,,,,,,
136,douthat-ehrman-resurrection-gospel-history-2026,Ross Douthat vs Bart Ehrman: Did Jesus Rise From the Dead?,True,one published theistic/religious side and one published non-theistic/skeptical side,pro,Historical-resurrection challenge,Ross Douthat,con,Skeptical historian,Bart Ehrman,84,86,2
137,price-craig-resurrection-historical-analogy-1999,Robert Price vs William Lane Craig: Did Jesus Rise From the Dead?,True,one published theistic/religious side and one published non-theistic/skeptical side,pro,Resurrection case,William Lane Craig,con,Historical-analogy critique,Robert Price,83,80,-3
138,albrecht-price-bodily-resurrection-2022,William Albrecht vs Robert Price: Did Jesus Bodily Rise from the Dead?,True,one published theistic/religious side and one published non-theistic/skeptical side,pro,Bodily resurrection case,William Albrecht,con,Historical-analogy skepticism,Robert Price,78,80,2
139,adelstein-dillahunty-belief-god-2025,Matthew Adelstein vs Matt Dillahunty: Should We Believe in God?,True,one published theistic/religious side and one published non-theistic/skeptical side,pro,Theistic evidential case,Matthew Adelstein,con,Evidential skepticism,Matt Dillahunty,81,89,8
140,rhodes-dillahunty-evidence-god-2021,Kenny Rhodes vs Matt Dillahunty: Is There Evidence for God?,True,one published theistic/religious side and one published non-theistic/skeptical side,pro,Classical-theist grounding,Kenny Rhodes,con,Skeptical evidentialism,Matt Dillahunty,70,88,18
141,fischer-dillahunty-axiomatic-evidence-god-2020,Ben Fischer vs Matt Dillahunty: Is There Good Evidence for God?,True,one published theistic/religious side and one published non-theistic/skeptical side,pro,Axiomatic theism,Ben Fischer,con,Evidential skepticism,Matt Dillahunty,68,86,18
142,comfort-dillahunty-gospel-atonement-2020,Ray Comfort vs Matt Dillahunty: Does the Gospel Make Sense?,True,one published theistic/religious side and one published non-theistic/skeptical side,pro,Evangelical atonement,Ray Comfort,con,Skeptical moral critique,Matt Dillahunty,68,86,18
143,vela-dillahunty-transcendental-evidence-god-2020,Tyler Vela vs Matt Dillahunty: Is There Good Evidence for God?,True,one published theistic/religious side and one published non-theistic/skeptical side,pro,Transcendental theism,Tyler Vela,con,Evidential skepticism,Matt Dillahunty,76,84,8
144,plantinga-dennett-evolution-naturalism-2018,"Alvin Plantinga vs Daniel Dennett: Science, Religion, and Evolution",True,one published theistic/religious side and one published non-theistic/skeptical side,pro,Theistic compatibility,Alvin Plantinga,con,Naturalist explanation,Daniel Dennett,83,84,1
145,dennett-dsouza-god-human-invention-2007,Daniel Dennett vs Dinesh D'Souza: Is God a Human Invention?,True,one published theistic/religious side and one published non-theistic/skeptical side,con,Theistic explanation,Dinesh D'Souza,pro,Religion as human invention,Daniel Dennett,75,80,5
146,harris-dennett-free-will-2018,Sam Harris vs Daniel Dennett: Does Free Will Exist?,False,no position-level theist-vs-non-theist comparison,,,,,,,,,
147,dennett-clayton-naturalism-ultimate-reality-2012,Daniel Dennett vs Philip Clayton: Naturalism and Ultimate Reality,True,one published theistic/religious side and one published non-theistic/skeptical side,con,Religious ultimacy,Philip Clayton,pro,Naturalist inquiry,Daniel Dennett,82,85,3
148,baggett-dillahunty-moral-argument-2018,David Baggett vs Matt Dillahunty: The Moral Argument for God,True,one published theistic/religious side and one published non-theistic/skeptical side,pro,Theistic moral explanation,David Baggett,con,Secular moral inquiry,Matt Dillahunty,85,86,1
150,licona-dillahunty-resurrection-evidence-2017,Mike Licona vs Matt Dillahunty: Was Jesus Raised from the Dead?,True,one published theistic/religious side and one published non-theistic/skeptical side,pro,Resurrection hypothesis,Mike Licona,con,Skeptical evidentialism,Matt Dillahunty,79,88,9
151,wood-dillahunty-god-secular-humanism-2020,David Wood vs Matt Dillahunty: God or Secular Humanism?,True,one published theistic/religious side and one published non-theistic/skeptical side,pro,Theistic moral realism,David Wood,con,Secular humanism,Matt Dillahunty,79,84,5
152,knechtle-aron-ra-god-existence-2023,Stuart Knechtle vs Aron Ra: Does God Exist?,True,one published theistic/religious side and one published non-theistic/skeptical side,pro,Christian theism,Stuart Knechtle,con,Atheistic naturalism,Aron Ra,71,78,7
153,oconnor-carter-free-will-determinism-2024,Alex O'Connor vs Dr Alex Carter: Free Will and Determinism,False,no position-level theist-vs-non-theist comparison,,,,,,,,,
155,turek-shermer-morality-god-science-2015,Frank Turek vs Michael Shermer: Is Morality Better Explained by God or Science?,True,one published theistic/religious side and one published non-theistic/skeptical side,pro,Theistic moral grounding,Frank Turek,con,Evolutionary moral realism,Michael Shermer,76,79,3
156,harris-prager-religion-morality-public-reason-2014,"Sam Harris vs Dennis Prager: Religion, Morality, and Public Reason",True,one published theistic/religious side and one published non-theistic/skeptical side,pro,Divine moral authority,Dennis Prager,con,Secular ethical realism,Sam Harris,70,81,11
157,dillahunty-howitt-christianity-true-2023,Matt Dillahunty vs Lewis Howitt: Is Christianity True?,True,one published theistic/religious side and one published non-theistic/skeptical side,pro,Christian logos,Lewis Howitt (PerspectivePhilosophy),con,Skeptical empiricism,Matt Dillahunty,71,88,17
158,dillahunty-mclatchie-resurrection-evidence-2020,Matt Dillahunty vs Jonathan McLatchie: Is There Strong Evidence for the Resurrection?,True,one published theistic/religious side and one published non-theistic/skeptical side,pro,Historical resurrection case,Dr Jonathan McLatchie,con,Skeptical historical standard,Matt Dillahunty,78,83,5
159,wood-aron-ra-naturalism-2023,David Wood vs Aron Ra: Is Naturalism True?,False,"religion-adjacent, but no explicit theist-vs-non-theist side comparison",,,,,,,,,
160,pinker-douthat-do-we-need-god-2026,Steven Pinker vs Ross Douthat: Do We Need God?,True,one published theistic/religious side and one published non-theistic/skeptical side,pro,Theistic case,Ross Douthat,con,Secular-humanist case,Steven Pinker,80,85,5
161,craig-millican-does-god-exist-2011,William Lane Craig vs Peter Millican: Does God Exist?,True,one published theistic/religious side and one published non-theistic/skeptical side,pro,Christian theist,William Lane Craig,con,Skeptical atheist,Peter Millican,75,87,12
162,craig-kagan-god-morality-2009,William Lane Craig vs Shelly Kagan: Is God Necessary for Morality?,True,one published theistic/religious side and one published non-theistic/skeptical side,pro,Theistic moral grounding,William Lane Craig,con,Secular moral realism,Shelly Kagan,76,85,9
163,craig-draper-existence-of-god-1997,William Lane Craig vs Paul Draper: The Existence of God,True,one published theistic/religious side and one published non-theistic/skeptical side,pro,Christian theism,William Lane Craig,con,Agnostic naturalism,Paul Draper,78,85,7
164,craig-wielenberg-god-morality-2018,William Lane Craig vs Erik Wielenberg: God and Morality,True,one published theistic/religious side and one published non-theistic/skeptical side,pro,Theistic moral grounding,William Lane Craig,con,Godless normative realism,Erik Wielenberg,80,84,4
165,craig-rosenberg-faith-god-reasonable-2013,William Lane Craig vs Alex Rosenberg: Is Faith in God Reasonable?,True,one published theistic/religious side and one published non-theistic/skeptical side,pro,Theistic explanation,William Lane Craig,con,Scientific naturalism,Alex Rosenberg,81,76,-5
166,craig-atkins-does-god-exist-2011,William Lane Craig vs Peter Atkins: Does God Exist?,True,one published theistic/religious side and one published non-theistic/skeptical side,pro,Classical theism,William Lane Craig,con,Scientific naturalism,Peter Atkins,83,73,-10
167,craig-shook-existence-god-2008,William Lane Craig vs John Shook: The Existence of God,True,one published theistic/religious side and one published non-theistic/skeptical side,pro,Theistic supernaturalism,William Lane Craig,con,Philosophical naturalism,John Shook,76,83,7
168,craig-krauss-evidence-god-2012,William Lane Craig vs Lawrence Krauss: Is There Evidence for God?,True,one published theistic/religious side and one published non-theistic/skeptical side,pro,Evidence for theism,William Lane Craig,con,Empirical naturalism,Lawrence Krauss,83,81,-2
169,lennox-krauss-universe-god-question-2013,"John Lennox vs Lawrence Krauss: Science, the Universe, and the God Question",True,one published theistic/religious side and one published non-theistic/skeptical side,pro,Theistic explanation,John Lennox,con,Physical cosmology,Lawrence Krauss,76,84,8
170,singer-lennox-is-there-god-2011,Peter Singer vs John Lennox: Is There a God?,True,one published theistic/religious side and one published non-theistic/skeptical side,pro,Christian theism,John Lennox,con,Secular naturalism,Peter Singer,75,86,11
171,hitchens-blair-religion-force-good-2010,Christopher Hitchens vs Tony Blair: Is Religion a Force for Good in the World?,True,one published theistic/religious side and one published non-theistic/skeptical side,pro,Religion is a force for good,Tony Blair,con,Religion is not a force for good,Christopher Hitchens,83,85,2
172,hitchens-mcgrath-religious-belief-2007,Christopher Hitchens vs Alister McGrath: Poison or Cure? Religious Belief in the Modern World,True,one published theistic/religious side and one published non-theistic/skeptical side,pro,Christian belief as credible and constructive,Alister McGrath,con,Religion as unsupported and coercive,Christopher Hitchens,80,80,0
175,oppy-pearce-is-there-a-god-2022,Graham Oppy vs Kenny Pearce: Is There a God?,True,one published theistic/religious side and one published non-theistic/skeptical side,pro,Theism,Kenny Pearce,con,Naturalism,Graham Oppy,84,88,4
176,ehrman-peter-williams-gospels-historically-reliable-2018,Bart Ehrman vs Peter J. Williams: Are the Gospels Historically Reliable?,True,one published theistic/religious side and one published non-theistic/skeptical side,pro,The Gospels are historically reliable,Peter J. Williams,con,The Gospels are not reliable throughout,Bart Ehrman,83,86,3
177,ehrman-wallace-trust-text-new-testament-2011,Bart Ehrman vs Daniel B. Wallace: Can We Trust the Text of the New Testament?,True,one published theistic/religious side and one published non-theistic/skeptical side,pro,The text is substantially recoverable,Daniel B. Wallace,con,Autographic certainty is unavailable,Bart Ehrman,83,88,5
178,ehrman-licona-who-wrote-gospels-2025,Bart Ehrman vs Michael Licona: Who Wrote the Gospels?,True,one published theistic/religious side and one published non-theistic/skeptical side,pro,Traditional authorship,Michael Licona,con,Anonymous later authorship,Bart Ehrman,81,87,6
179,craig-ehrman-historical-evidence-resurrection-2006,William Lane Craig vs Bart Ehrman: Is There Historical Evidence for the Resurrection?,True,one published theistic/religious side and one published non-theistic/skeptical side,pro,Historical evidence supports resurrection,William Lane Craig,con,History cannot establish resurrection,Bart Ehrman,84,83,-1
180,ally-licona-did-jesus-rise-dead-2004,Shabir Ally vs Michael Licona: Did Jesus Rise from the Dead?,False,both published sides are theistic/religious,,,,,,,,,
181,habermas-flew-did-jesus-rise-dead-2000,Gary Habermas vs Antony Flew: Did Jesus Rise from the Dead?,True,one published theistic/religious side and one published non-theistic/skeptical side,pro,Resurrection is the best explanation,Gary Habermas,con,Resurrection is not established,Antony Flew,87,86,-1
182,white-ally-sin-salvation-quran-bible-2013,James White vs Shabir Ally: Sin and Salvation in the Qur'an and the Bible,False,both published sides are theistic/religious,,,,,,,,,
183,enoch-clarke-doane-moral-realism-objectivity-2026,David Enoch vs Justin Clarke-Doane: Moral Realism and Objectivity,False,no position-level theist-vs-non-theist comparison,,,,,,,,,
185,dennett-caruso-free-will-responsibility-2021,Daniel Dennett vs Gregg Caruso: Free Will and Moral Responsibility,False,no position-level theist-vs-non-theist comparison,,,,,,,,,
186,huemer-sapolsky-free-will-determinism-2024,Michael Huemer vs Robert Sapolsky: Does Free Will Exist—and Does It Matter?,False,no position-level theist-vs-non-theist comparison,,,,,,,,,
187,ward-dennett-more-than-matter-2019,Keith Ward vs Daniel Dennett: Are We More Than Matter?,False,"religion-adjacent, but no explicit theist-vs-non-theist side comparison",,,,,,,,,
188,kastrup-blackmore-consciousness-idealism-2023,Bernardo Kastrup vs Susan Blackmore: What Is Consciousness?,False,no position-level theist-vs-non-theist comparison,,,,,,,,,
189,tour-cronin-origin-of-life-2020,James Tour vs Lee Cronin: Are We Close to Discovering the Origin of Life?,False,no position-level theist-vs-non-theist comparison,,,,,,,,,
190,huemer-oppy-souls-personal-identity-2022,Michael Huemer vs Graham Oppy: Do Souls Exist?,False,no position-level theist-vs-non-theist comparison,,,,,,,,,
191,ruse-rana-origin-life-evolution-design-2013,Michael Ruse vs Fuz Rana: Evolution or Design at Life's Origin?,True,one published theistic/religious side and one published non-theistic/skeptical side,pro,Natural processes are sufficient,Michael Ruse,con,Intelligent agency is required,Fuz Rana,82,81,-1
192,tour-swamidass-origin-life-chemistry-2020,James Tour vs S. Joshua Swamidass: How Close Is Origin-of-Life Science?,False,no position-level theist-vs-non-theist comparison,,,,,,,,,
193,crossan-licona-historical-jesus-2018,John Dominic Crossan vs Michael Licona: Who Was the Historical Jesus?,False,both published sides are theistic/religious,,,,,,,,,
194,swinburne-millican-does-god-exist-2022,Richard Swinburne vs Peter Millican: Does God Exist?,True,one published theistic/religious side and one published non-theistic/skeptical side,pro,God is the best explanation,Richard Swinburne,con,The evidence does not support God,Peter Millican,81,88,7
195,russell-copleston-existence-of-god-1948,Bertrand Russell vs Frederick Copleston: Does God Exist?,True,one published theistic/religious side and one published non-theistic/skeptical side,pro,God's existence can be established,Frederick Copleston,con,The arguments do not establish God,Bertrand Russell,78,80,2
196,huemer-rasmussen-god-existence-2026,Michael Huemer vs Joshua Rasmussen: Does God Exist?,True,one published theistic/religious side and one published non-theistic/skeptical side,pro,God exists,Josh Rasmussen,con,God's existence is not established,Michael Huemer,77,79,2
197,mcgilchrist-seth-consciousness-god-2026,Iain McGilchrist vs Anil Seth: Does Consciousness Point to God?,True,one published theistic/religious side and one published non-theistic/skeptical side,pro,Consciousness points toward God,Iain McGilchrist,con,Consciousness does not establish God,Anil Seth,74,83,9
198,ferrer-dillahunty-god-morality-2018,John Ferrer vs Matt Dillahunty: Do We Need God for Morality?,True,one published theistic/religious side and one published non-theistic/skeptical side,pro,Divine grounding,John Ferrer,con,Secular morality,Matt Dillahunty,67,83,16
199,crummett-watkins-soul-existence-2020,Dustin Crummett vs Ben Watkins: Does the Soul Exist?,False,"religion-adjacent, but no explicit theist-vs-non-theist side comparison",,,,,,,,,
200,craig-stenger-god-existence-2010,William Lane Craig vs Victor Stenger: Does God Exist?,True,one published theistic/religious side and one published non-theistic/skeptical side,pro,Christian theism,William Lane Craig,con,Scientific naturalism,Victor Stenger,76,69,-7
201,hernandez-dillahunty-soul-existence-2015,Does the Soul Exist? Eric Hernandez vs. Matt Dillahunty (2015),False,"religion-adjacent, but no explicit theist-vs-non-theist side comparison",,,,,,,,,
202,dawkins-lennox-god-delusion-2007,Is Belief in God a Delusion? Richard Dawkins vs. John Lennox (2007),True,one published theistic/religious side and one published non-theistic/skeptical side,con,Christian theism,John Lennox,pro,Atheistic naturalism,Richard Dawkins,72,76,4
203,craig-flew-god-existence-1998,Does God Exist? William Lane Craig vs. Antony Flew (1998),True,one published theistic/religious side and one published non-theistic/skeptical side,pro,Theism,William Lane Craig,con,Atheistic skepticism,Antony Flew,74,77,3
204,singer-dsouza-morality-without-god-2008,Can There Be Morality Without God? Dinesh D'Souza vs. Peter Singer (2008),True,one published theistic/religious side and one published non-theistic/skeptical side,pro,Morality requires God,Dinesh D'Souza,con,Morality without God,Peter Singer,71,81,10
205,horn-watkins-god-existence-2021,Does God Exist? Trent Horn vs. Ben Watkins (2021),True,one published theistic/religious side and one published non-theistic/skeptical side,pro,Classical theism,Trent Horn,con,Metaphysical naturalism,Ben Watkins,71,75,4
206,williams-dawkins-god-science-reality-2026,"God, Science and the Poetry of Reality: Rowan Williams vs. Richard Dawkins (2026)",True,one published theistic/religious side and one published non-theistic/skeptical side,pro,Christian theism,Rowan Williams,con,Scientific naturalism,Richard Dawkins,76,77,1
207,peterson-dawkins-memes-archetypes-truth-2024,"Memes, Archetypes, and Religious Truth: Jordan Peterson vs. Richard Dawkins (2024)",True,one published theistic/religious side and one published non-theistic/skeptical side,pro,Symbolic religious realism,Jordan Peterson,con,Scientific naturalism,Richard Dawkins,74,86,12
208,vela-jones-divine-hiddenness-christian-love-2023,Divine Hiddenness and Christian Love: Tyler Vela vs. Michael Jones (2023),False,both published sides are theistic/religious,,,,,,,,,
209,oconnor-ruegger-divine-hiddenness-loving-god-2022,Divine Hiddenness and a Loving God: Alex O'Connor vs. Lukas Ruegger (2022),True,one published theistic/religious side and one published non-theistic/skeptical side,con,Christian hiddenness defense,Lukas Ruegger,pro,Divine-hiddenness critique,Alex O'Connor,75,85,10
210,paterson-schmid-divine-hiddenness-relationship-2026,Divine Hiddenness and Religious Evidence: Joe Schmid vs. Dan Paterson (2026),True,one published theistic/religious side and one published non-theistic/skeptical side,con,Christian hiddenness defense,Dan Paterson,pro,Evidential divine-hiddenness critique,Joe Schmid,83,88,5
211,baggini-baker-hytch-divine-hiddenness-2025,Divine Hiddenness and Evidential Ambiguity: Julian Baggini vs. Max Baker-Hytch (2025),True,one published theistic/religious side and one published non-theistic/skeptical side,con,Christian evidential-ambiguity defense,Max Baker-Hytch,pro,Atheistic hiddenness critique,Julian Baggini,82,80,-2
212,craig-carrier-resurrection-2009,Resurrection Evidence and Naturalistic Alternatives: William Lane Craig vs. Richard Carrier (2009),True,one published theistic/religious side and one published non-theistic/skeptical side,pro,Historical resurrection case,William Lane Craig,con,Naturalistic resurrection critique,Richard Carrier,80,80,0
213,peterson-zizek-capitalism-marxism-happiness-2019,"Capitalism, Marxism, and Human Happiness: Jordan Peterson vs. Slavoj Žižek (2019)",False,no position-level theist-vs-non-theist comparison,,,,,,,,,
214,pageau-woodford-metaphorical-truth-2020,Metaphorical Truth and Religious Patterns: Jonathan Pageau vs. Stephen Woodford (2020),True,one published theistic/religious side and one published non-theistic/skeptical side,pro,Participatory religious patterns as enduring truth,Jonathan Pageau,con,Evolutionary scrutiny and contextual revision,Stephen Woodford,74,78,4
215,horn-oconnor-christian-belief-2022,Why Be a Christian? Trent Horn vs. Alex O'Connor (2022),True,one published theistic/religious side and one published non-theistic/skeptical side,pro,Cumulative Christian evidential case,Trent Horn,con,Skeptical evidential objections,Alex O'Connor,74,84,10
216,harris-wolpe-religion-science-2007,"Religion, Science, and Meaning: Sam Harris vs. David Wolpe (2007)",True,one published theistic/religious side and one published non-theistic/skeptical side,pro,Religious meaning and transcendent faith,David Wolpe,con,Scientific naturalism and evidential skepticism,Sam Harris,68,83,15
217,douthat-oconnor-religious-belief-obligation-2026,Religious Belief as an Obligation: Ross Douthat vs. Alex O'Connor (2026),True,one published theistic/religious side and one published non-theistic/skeptical side,pro,Religious belief as rational obligation,Ross Douthat,con,Skeptical evidential challenge,Alex O'Connor,69,84,15
218,mcgrath-oconnor-new-atheism-failure-2023,Has New Atheism Failed? Alister McGrath vs. Alex O'Connor (2023),True,one published theistic/religious side and one published non-theistic/skeptical side,pro,New Atheism has failed,Alister McGrath,con,Critical reassessment of New Atheism,Alex O'Connor,73,83,10
219,shermer-mcgrath-god-imagination-2017,Is God a Figment of Our Imagination? Michael Shermer vs. Alister McGrath (2017),True,one published theistic/religious side and one published non-theistic/skeptical side,con,God is not merely imaginary,Alister McGrath,pro,God is a human construction,Michael Shermer,72,77,5
220,hirsi-ali-oconnor-christian-conversion-2024,Does Christian Conversion Establish Truth? Ayaan Hirsi Ali vs. Alex O'Connor (2024),True,one published theistic/religious side and one published non-theistic/skeptical side,pro,Christian belief is personally and rationally justified,Ayaan Hirsi Ali,con,Transformation and cultural value do not establish Christian truth,Alex O'Connor,71,83,12
221,huemer-loeb-moral-realism-2022,Is Moral Realism Better Supported? Michael Huemer vs. Don Loeb (2022),False,no position-level theist-vs-non-theist comparison,,,,,,,,,
222,lennox-shermer-god-existence-2008,Does God Exist? John Lennox vs. Michael Shermer (2008),True,one published theistic/religious side and one published non-theistic/skeptical side,pro,God exists,John Lennox,con,Evidence does not warrant belief in God,Michael Shermer,76,81,5
223,collins-dawkins-science-belief-god-2022,Science and Belief in God: Francis Collins vs. Richard Dawkins (2022),True,one published theistic/religious side and one published non-theistic/skeptical side,pro,Scientific understanding leaves rational grounds for belief in God,Francis Collins,con,Scientific understanding provides no need for God,Richard Dawkins,76,83,7
224,hossenfelder-kastrup-superdeterminism-2022,Is Superdeterminism Scientifically Justified? Sabine Hossenfelder vs. Bernardo Kastrup (2022),False,no position-level theist-vs-non-theist comparison,,,,,,,,,
225,kastrup-jump-analytic-idealism-materialism-2023,Does Analytic Idealism Explain Consciousness Better? Bernardo Kastrup vs. Tom Jump (2023),False,no position-level theist-vs-non-theist comparison,,,,,,,,,
226,horn-white-purgatory-2024,Is the Doctrine of Purgatory True? Trent Horn vs. James White (2024),False,both published sides are theistic/religious,,,,,,,,,
