speaker,appearances,mean_score,median_score,score_sd,score_min,score_max,score_range,mean_opponent_score,mean_margin,closed_appearances,standalone_appearances,ranking_value,rank,margin_rank,generation_adjusted_mean,generation_adjusted_rank,shrinkage_weight,shrunken_mean,shrunken_rank,bootstrap_mean_ci_95,bootstrap_rank_ci_95,bootstrap_rank_median,bootstrap_top_10_probability,hierarchical_mean,hierarchical_mean_sd,hierarchical_rank_ci_95,hierarchical_rank_median,hierarchical_top_10_probability,base_rank,leave_one_out_min_rank,leave_one_out_max_rank,leave_one_out_span,leave_one_out_max_absolute_shift
Joseph Schmid,3,88.33333333333333,88,1.5275252316519468,87,90,3,84.33333333333333,4.0,2,1,88.33333333333333,1,10,88.89431005000995,1,0.8181068531783316,87.09663504266855,1,"[87.0, 90.0]","[1.0, 4.0]",2.0,1.0,87.09663504266855,1.6336869021925542,"[1.0, 11.0]",2.0,0.9728,1,1,2,1,1
Scott Clifton,3,88.0,88,1.0,87,89,2,77.0,11.0,3,0,88.0,2,2,87.5085248234426,2,0.8181068531783316,86.82393275827579,2,"[87.0, 89.0]","[1.0, 5.0]",2.0,1.0,86.82393275827579,1.6336869021925542,"[1.0, 11.0]",3.0,0.95995,2,1,2,1,1
Alex Malpass,6,87.16666666666667,89.5,4.875106836436168,80,91,11,79.16666666666667,8.0,6,0,87.16666666666667,3,5,86.67519149010927,3,0.8999546443028411,86.60317414279116,3,"[83.5, 90.5]","[1.0, 12.0]",4.0,0.94995,86.60317414279116,1.2115996110818026,"[1.0, 10.0]",3.0,0.98295,3,1,4,3,2
Joe Folley,4,86.5,86.5,2.3804761428476167,84,89,5,77.5,9.0,4,0,86.5,4,3,86.0085248234426,4,0.8570811500440955,85.79030729922619,5,"[84.5, 88.5]","[1.0, 10.0]",5.0,0.9836,85.79030729922619,1.4481228800643096,"[1.0, 13.0]",6.0,0.89795,4,3,7,4,3
Matt Dillahunty,27,86.07407407407408,86,2.585847962779267,82,91,9,74.5925925925926,11.481481481481481,25,2,86.07407407407408,5,1,85.81647709601312,5,0.9758917631908999,85.9646280298998,4,"[85.11111111111111, 87.03703703703704]","[3.0, 9.0]",6.0,0.99625,85.9646280298998,0.5947622330123915,"[2.0, 9.0]",5.0,0.99655,5,5,7,2,2
Bart Ehrman,11,86.0,86,2.0,82,88,6,82.0909090909091,3.909090909090909,10,1,86.0,6,11,85.79555715796097,6,0.942829990560845,85.74469566181865,6,"[84.81818181818181, 87.0]","[3.0, 10.0]",6.0,0.99065,85.74469566181865,0.9158931077620859,"[1.0, 11.0]",6.0,0.965,6,5,7,2,1
Sean Carroll,3,86.0,84,3.4641016151377544,84,90,6,84.66666666666667,1.3333333333333333,3,0,86.0,7,21,85.5085248234426,8,0.8181068531783316,85.18771905191912,8,"[84.0, 90.0]","[1.0, 12.0]",6.0,0.8289,85.18771905191912,1.6336869021925542,"[1.0, 17.0]",8.0,0.77465,7,4,10,6,3
Lance Bush,3,85.66666666666667,84,3.7859388972001824,83,90,7,82.0,3.6666666666666665,3,0,85.66666666666667,8,13,85.17519149010927,9,0.8181068531783316,84.91501676752634,9,"[83.0, 90.0]","[1.0, 13.0]",7.0,0.7748,84.91501676752634,1.6336869021925542,"[1.0, 18.0]",8.0,0.71975,8,4,10,6,4
Alex O'Connor,26,85.53846153846153,86.5,2.98302892015172,79,91,12,77.5,8.038461538461538,21,5,85.53846153846153,9,4,85.65417014646223,7,0.9749877157010504,85.43830821235585,7,"[84.42307692307692, 86.65384615384616]","[4.0, 11.0]",8.0,0.96715,85.43830821235585,0.6058112543956627,"[3.0, 11.0]",7.0,0.9741,9,8,9,1,1
Graham Oppy,10,84.8,85.0,1.9888578520235063,81,88,7,80.5,4.3,10,0,84.8,10,9,84.3085248234426,10,0.9374704709932836,84.59579706881055,10,"[83.6, 85.9]","[6.0, 12.0]",10.0,0.79985,84.59579706881055,0.9578626467842922,"[3.0, 14.0]",9.0,0.73575,10,10,10,0,0
Stephen Law,3,83.33333333333333,81,4.041451884327381,81,88,7,76.33333333333333,7.0,3,0,83.33333333333333,11,7,82.84185815677593,13,0.8181068531783316,83.0061007767769,11,"[81.0, 88.0]","[4.0, 23.0]",12.0,0.26455,83.0061007767769,1.6336869021925542,"[4.0, 27.0]",13.0,0.2568,11,11,20,9,9
Daniel Dennett,6,83.16666666666667,83.5,3.3115957885386114,79,88,9,81.16666666666667,2.0,6,0,83.16666666666667,12,18,82.67519149010927,14,0.8999546443028411,83.0033555655798,12,"[80.83333333333333, 85.5]","[8.0, 22.0]",13.0,0.1832,83.0033555655798,1.2115996110818026,"[7.0, 24.0]",13.0,0.1935,12,11,14,3,2
Michael Ruse,3,83.0,82,1.7320508075688772,82,85,3,80.0,3.0,3,0,83.0,13,16,82.5085248234426,15,0.8181068531783316,82.73339849238413,13,"[82.0, 85.0]","[10.0, 19.0]",13.0,0.08415,82.73339849238413,1.6336869021925542,"[5.0, 28.0]",14.0,0.21025,13,11,15,4,2
Bernardo Kastrup,3,82.66666666666667,83,0.5773502691896257,82,83,1,83.66666666666667,-1.0,1,2,82.66666666666667,14,24,84.2800952765773,11,0.8181068531783316,82.46069620799135,14,"[82.0, 83.0]","[12.0, 17.0]",14.0,0.00115,82.46069620799135,1.6336869021925542,"[6.0, 30.0]",15.0,0.16265,14,13,14,1,1
Michael Huemer,7,82.0,83,4.0,76,88,12,80.28571428571429,1.7142857142857142,5,2,82.0,15,20,82.41062644621461,16,0.9130034666708156,81.959485368955,15,"[79.28571428571429, 84.71428571428571]","[10.0, 29.0]",17.0,0.0479,81.959485368955,1.1298261763392161,"[10.0, 28.0]",17.0,0.0352,15,13,18,5,3
Christopher Hitchens,11,81.72727272727273,81,2.053821272209882,79,85,6,78.0,3.727272727272727,11,0,81.72727272727273,16,12,81.23579755071533,19,0.942829990560845,81.71624024760413,16,"[80.63636363636364, 82.9090909090909]","[13.0, 23.0]",18.0,0.00025,81.71624024760413,0.9158931077620859,"[11.0, 27.0]",18.0,0.0092,16,15,16,1,1
Michael Licona,5,81.4,81,2.073644135332772,79,84,5,85.0,-3.6,5,0,81.4,17,29,80.9085248234426,22,0.8823006282655114,81.41580655822573,17,"[79.8, 83.0]","[13.0, 27.0]",19.0,0.00055,81.41580655822573,1.31415844805185,"[10.0, 31.0]",19.0,0.02535,17,16,21,5,4
Richard Dawkins,6,81.33333333333333,82.5,3.9832984656772417,76,86,10,74.66666666666667,6.666666666666667,2,4,81.33333333333333,18,8,82.94676194324397,12,0.8999546443028411,81.35343871769125,18,"[78.33333333333333, 84.16666666666667]","[11.0, 32.0]",19.0,0.01645,81.35343871769125,1.2115996110818026,"[11.0, 31.0]",20.0,0.01465,18,15,24,9,6
Michael Shermer,6,81.0,80.5,3.1622776601683795,77,86,9,73.33333333333333,7.666666666666667,4,2,81.0,19,6,81.56097671667662,18,0.8999546443028411,81.05345383625696,19,"[78.83333333333333, 83.33333333333333]","[12.0, 31.0]",21.0,0.00435,81.05345383625696,1.2115996110818026,"[12.0, 32.0]",21.0,0.00905,19,16,27,11,8
Sam Harris,6,81.0,81.5,2.6076809620810595,77,84,7,78.5,2.5,5,1,81.0,20,17,81.0347507700596,20,0.8999546443028411,81.05345383625696,20,"[79.0, 82.83333333333333]","[14.0, 30.0]",21.0,0.00015,81.05345383625696,1.2115996110818026,"[12.0, 32.0]",21.0,0.00765,20,16,24,8,4
Stephen Woodford,6,81.0,81.5,1.7888543819998317,78,83,5,77.66666666666667,3.3333333333333335,5,1,81.0,21,14,81.0347507700596,21,0.8999546443028411,81.05345383625696,21,"[79.66666666666667, 82.16666666666667]","[16.0, 28.0]",21.0,0.0,81.05345383625696,1.2115996110818026,"[12.0, 32.0]",21.0,0.0102,21,17,23,6,4
Ben Watkins,3,80.66666666666667,81,5.507570547286102,75,86,11,77.33333333333333,3.3333333333333335,1,2,80.66666666666667,22,15,82.2800952765773,17,0.8181068531783316,80.82448250163469,22,"[75.0, 86.0]","[7.0, 37.0]",22.0,0.0858,80.82448250163469,1.6336869021925542,"[10.0, 34.0]",23.0,0.02615,22,11,32,21,11
Josh Rasmussen,5,80.6,81,2.701851217221259,77,84,7,86.0,-5.4,4,1,80.6,23,34,80.73999595938301,23,0.8823006282655114,80.7099660556133,23,"[78.6, 82.6]","[14.0, 32.0]",23.0,0.00065,80.7099660556133,1.31415844805185,"[12.0, 33.0]",23.0,0.00625,23,17,27,10,6
Richard Carrier,6,80.5,82.0,3.8858718455450894,73,83,10,78.5,2.0,5,1,80.5,24,19,80.5347507700596,24,0.8999546443028411,80.60347651410555,24,"[77.33333333333333, 82.66666666666667]","[14.0, 34.0]",23.0,0.0,80.60347651410555,1.2115996110818026,"[13.0, 33.0]",23.0,0.00325,24,16,27,11,8
Lawrence Krauss,3,80.33333333333333,81,4.041451884327381,76,84,8,79.33333333333333,1.0,3,0,80.33333333333333,25,23,79.84185815677593,26,0.8181068531783316,80.5517802172419,25,"[76.0, 84.0]","[11.0, 36.0]",24.0,0.0112,80.5517802172419,1.6336869021925542,"[11.0, 35.0]",24.0,0.01785,25,15,32,17,10
Robert Price,3,80.33333333333333,80,0.5773502691896257,80,81,1,82.33333333333333,-2.0,3,0,80.33333333333333,26,26,79.84185815677593,27,0.8181068531783316,80.5517802172419,26,"[80.0, 81.0]","[20.0, 29.0]",25.0,0.0,80.5517802172419,1.6336869021925542,"[11.0, 35.0]",24.0,0.01675,26,25,27,2,1
James Tour,4,80.25,80.0,1.2583057392117916,79,82,3,79.25,1.0,4,0,80.25,27,22,79.7585248234426,28,0.8570811500440955,80.43355011145059,27,"[79.25, 81.5]","[18.0, 30.0]",25.0,0.0,80.43355011145059,1.4481228800643096,"[12.0, 34.0]",24.0,0.0083,27,23,27,4,4
William Lane Craig,24,79.5,79.5,3.4891135039545875,74,86,12,82.95833333333333,-3.4583333333333335,21,3,79.5,28,28,79.40319428340536,29,0.9729597202731423,79.55500793366818,29,"[78.125, 80.875]","[22.0, 33.0]",28.0,0.0,79.55500793366818,0.6298922267590873,"[22.0, 33.0]",28.0,0.0,28,28,29,1,1
Tom Jump,3,79.33333333333333,80,1.1547005383792515,78,80,2,81.0,-1.6666666666666667,2,1,79.33333333333333,29,25,79.89431005000995,25,0.8181068531783316,79.73367336406358,28,"[78.0, 80.0]","[25.0, 33.0]",29.0,0.0,79.73367336406358,1.6336869021925542,"[13.0, 37.0]",28.0,0.004,29,28,30,2,1
David Wood,4,79.0,80.0,4.320493798938574,73,83,10,83.25,-4.25,4,0,79.0,30,30,78.5085248234426,30,0.8570811500440955,79.36219867389546,30,"[75.0, 82.0]","[16.0, 38.0]",30.0,0.0,79.36219867389546,1.4481228800643096,"[15.0, 37.0]",29.0,0.00095,30,19,33,14,11
Jonathan McLatchie,4,78.75,79.0,3.774917217635375,74,83,9,83.0,-4.25,4,0,78.75,31,31,78.2585248234426,31,0.8570811500440955,79.14792838638445,32,"[75.5, 81.75]","[17.0, 37.0]",31.0,0.0,79.14792838638445,1.4481228800643096,"[17.0, 37.0]",30.0,0.0007,31,25,34,9,6
Richard Swinburne,3,78.66666666666667,80,3.2145502536643185,75,81,6,85.33333333333333,-6.666666666666667,3,0,78.66666666666667,32,35,78.17519149010927,33,0.8181068531783316,79.18826879527802,31,"[75.0, 81.0]","[21.0, 38.0]",31.0,0.0,79.18826879527802,1.6336869021925542,"[15.0, 38.0]",30.0,0.0015,32,25,34,9,7
Glen Scrivener,4,78.0,78.5,3.1622776601683795,74,81,7,85.5,-7.5,4,0,78.0,33,38,77.5085248234426,35,0.8570811500440955,78.50511752385137,33,"[75.5, 80.5]","[23.0, 38.0]",32.0,0.0,78.50511752385137,1.4481228800643096,"[20.0, 39.0]",32.0,0.0,33,29,35,6,4
Ross Douthat,3,77.66666666666667,80,7.767453465154029,69,84,15,85.0,-7.333333333333333,2,1,77.66666666666667,34,36,78.22764338334328,32,0.8181068531783316,78.3701619420997,34,"[69.0, 84.0]","[12.0, 42.0]",33.0,0.0085,78.3701619420997,1.6336869021925542,"[19.0, 40.0]",32.0,0.00035,34,16,40,24,18
John Lennox,9,77.11111111111111,76,3.3333333333333335,72,84,12,80.44444444444444,-3.3333333333333335,7,2,77.11111111111111,35,27,77.32127053004305,36,0.931002123847899,77.41630147626523,35,"[75.22222222222223, 79.33333333333333]","[29.0, 38.0]",34.0,0.0,77.41630147626523,1.0061865792862084,"[29.0, 39.0]",35.0,0.0,35,34,36,2,1
Trent Horn,6,76.83333333333333,77.5,3.8686776379877745,71,82,11,81.83333333333333,-5.0,3,3,76.83333333333333,36,32,77.92053599662695,34,0.8999546443028411,77.30364281832846,36,"[74.0, 79.5]","[28.0, 40.0]",35.0,0.0,77.30364281832846,1.2115996110818026,"[28.0, 40.0]",35.0,0.0,36,34,36,2,2
Dinesh D'Souza,6,75.5,75.5,2.6645825188948455,71,79,8,84.83333333333333,-9.333333333333334,5,1,75.5,37,40,75.5347507700596,39,0.8999546443028411,76.10370329259133,38,"[73.33333333333333, 77.33333333333333]","[34.0, 41.0]",37.0,0.0,76.10370329259133,1.2115996110818026,"[32.0, 42.0]",38.0,0.0,37,37,39,2,2
Michael Jones,10,75.1,75.0,3.8427420765212266,69,80,11,82.5,-7.4,9,1,75.1,38,37,74.9242603914128,40,0.9374704709932836,75.5023335001757,40,"[72.8, 77.3]","[34.0, 42.0]",38.0,0.0,75.5023335001757,0.9578626467842922,"[35.0, 42.0]",39.0,0.0,38,37,40,3,2
Alister McGrath,3,75.0,73,4.358898943540674,72,80,8,80.0,-5.0,1,2,75.0,39,33,76.61342860991063,37,0.8181068531783316,76.18854366695747,37,"[72.0, 80.0]","[27.0, 42.0]",38.0,0.0,76.18854366695747,1.6336869021925542,"[29.0, 42.0]",38.0,0.0,39,37,42,5,3
Jordan Peterson,5,74.8,74,1.9235384061671346,73,78,5,84.4,-9.6,3,2,74.8,40,41,75.57146709532341,38,0.8823006282655114,75.59262241167333,39,"[73.6, 76.4]","[35.0, 41.0]",39.0,0.0,75.59262241167333,1.31415844805185,"[33.0, 42.0]",39.0,0.0,40,38,41,3,2
Frank Turek,7,74.14285714285714,74,2.4784787961282104,70,77,7,82.28571428571429,-8.142857142857142,7,0,74.14285714285714,41,39,73.65138196629974,41,0.9130034666708156,74.78588670225574,41,"[72.28571428571429, 75.71428571428571]","[37.0, 42.0]",40.0,0.0,74.78588670225574,1.1298261763392161,"[36.0, 42.0]",41.0,0.0,41,40,41,1,1
Peter Atkins,4,73.0,72.5,2.943920288775949,70,77,7,82.75,-9.75,4,0,73.0,42,42,72.5085248234426,42,0.8570811500440955,74.21971177363089,42,"[70.75, 75.75]","[37.0, 42.0]",42.0,0.0,74.21971177363089,1.4481228800643096,"[36.0, 42.0]",41.0,0.0,42,42,42,0,0
