number,id,title,motion,cohort,theist_side,topic,narrow,reason,gap
1,craig-oconnor-god-debate-2026,Alex O'Connor vs William Lane Craig: Does God Exist?,"Does God exist, and do cosmology, fine-tuning, morality, resurrection, and suffering support or undermine Christian theism?",earlier,pro,"Evil, suffering & hiddenness",True,one published theistic/religious side and one published non-theistic/skeptical side,6
2,craig-hitchens-god-existence-2009,William Lane Craig vs Christopher Hitchens: Does God Exist?,"Does God exist, and do cosmology, fine-tuning, morality, resurrection, suffering, and religion's record make Christian theism more plausible than atheism?",earlier,pro,General theism & naturalism,True,one published theistic/religious side and one published non-theistic/skeptical side,4
3,hitchens-dsouza-religion-problem-2010,Christopher Hitchens vs Dinesh D'Souza: Is Religion the Problem?,"Is religion the problem, or does the God hypothesis better explain life, morality, purpose, and human experience than secular doubt?",earlier,con,"Religion, culture & meaning",False,one published theistic/religious side and one published non-theistic/skeptical side,8
4,lennox-atkins-science-explain-everything-2019,John Lennox vs Peter Atkins: Can Science Explain Everything?,"Can science explain everything worth explaining, or do rationality, miracles, purpose, origins, morality, and meaning require a different kind of explanation?",earlier,,,False,"religion-adjacent, but no explicit theist-vs-non-theist side comparison",
5,dillahunty-ten-bruggencate-reasonable-god-2014,Matt Dillahunty vs Sye Ten Bruggencate: Is It Reasonable to Believe God Exists?,"Is belief in God reasonable, and can truth, logic, knowledge, induction, and evidence be accounted for without Christian revelation?",earlier,pro,"Mind, reason & logic",True,one published theistic/religious side and one published non-theistic/skeptical side,24
6,dsouza-dillahunty-god-woman-2023,Dinesh D'Souza vs Matt Dillahunty: Does God Exist? What Is a Woman?,"Should beliefs about God, gender, politics, and social welfare be guided by faith-informed inference, empirical evidence, or secular-humanist consequences?",earlier,pro,"Religion, culture & meaning",False,one published theistic/religious side and one published non-theistic/skeptical side,10
7,wood-oconnor-jesus-claim-god-2025,David Wood vs Alex O'Connor: Did Jesus Claim to Be God?,"Did Jesus personally claim divine identity, or do the relevant texts better show delegated authority, divine name-bearing, and later high christology?",earlier,pro,"Scripture, revelation & doctrine",False,one published theistic/religious side and one published non-theistic/skeptical side,7
8,wood-shermer-god-exist-2022,David Wood vs Michael Shermer: Does God Exist?,"Does science, morality, evil, and explanatory method support theism more strongly than skeptical naturalism?",earlier,pro,General theism & naturalism,True,one published theistic/religious side and one published non-theistic/skeptical side,7
9,peterson-dillahunty-god-debate-2023,Jordan Peterson vs Matt Dillahunty: The Greatest God Debate In History,"Does God-language name a real supernatural being, or does it function mainly as a religious, moral, and psychological substrate for meaning?",earlier,pro,"Religion, culture & meaning",False,one published theistic/religious side and one published non-theistic/skeptical side,16
10,craig-harris-moral-foundations-2011,William Lane Craig vs Sam Harris: The God Debate II,Are the foundations of moral values and duties natural or supernatural?,earlier,pro,Morality & moral foundations,True,one published theistic/religious side and one published non-theistic/skeptical side,0
11,dsouza-ehrman-god-suffering-evil-2025,"Dinesh D'Souza vs Bart Ehrman: God, Suffering, and Evil","Can belief in a loving, powerful God survive the scale of suffering and evil in the world?",earlier,pro,"Evil, suffering & hiddenness",True,one published theistic/religious side and one published non-theistic/skeptical side,8
12,settecase-jump-evidence-for-god-2025,Joel Settecase vs Tom Jump: Is There Evidence for God?,"Does evidence for God exist, or are logic, mathematics, and intelligibility better explained without Christian theism?",earlier,pro,"Mind, reason & logic",True,one published theistic/religious side and one published non-theistic/skeptical side,-6
13,knechtle-oconnor-christian-morality-2025,"Cliffe Knechtle vs Alex O'Connor: Christianity, Scripture, and Morality","Can Christianity's claims about forgiveness, morality, divine judgment, conquest, and slavery withstand skeptical objections?",earlier,pro,Morality & moral foundations,False,one published theistic/religious side and one published non-theistic/skeptical side,11
14,jones-carrier-god-existence-2025,Michael Jones vs Richard Carrier: Does God Exist?,"Does the evidence from consciousness, emergence, morality, and cosmology make theism more plausible than naturalism?",earlier,pro,General theism & naturalism,True,one published theistic/religious side and one published non-theistic/skeptical side,-1
15,hitchens-lennox-is-god-great-2017,Christopher Hitchens vs John Lennox: Is God Great?,"Is God great, and does Christian theism better explain science, morality, dignity, and hope than Hitchens's anti-theistic critique?",earlier,pro,"Religion, culture & meaning",False,one published theistic/religious side and one published non-theistic/skeptical side,4
16,hirsi-ali-dawkins-god-debate-2024,Ayaan Hirsi Ali vs Richard Dawkins: The God Debate,"Can Hirsi Ali's Christian turn be justified by personal experience, truth, and civilizational need, or should Dawkins's atheist truth test reject it?",earlier,pro,"Religion, culture & meaning",False,one published theistic/religious side and one published non-theistic/skeptical side,10
17,collins-oconnor-god-existence-2024,Francis Collins vs Alex O'Connor: Does God Exist?,"Do fine-tuning, morality, resurrection, revelation, and beauty make Christian theism more plausible than O'Connor's skeptical agnosticism?",earlier,pro,"Cosmology, science & design",True,one published theistic/religious side and one published non-theistic/skeptical side,9
18,williams-goff-oldfield-oconnor-between-god-atheism-2024,"Rowan Williams, Philip Goff, Elizabeth Oldfield, and Alex O'Connor: Between God and Atheism","Do fine-tuning, suffering, religious experience, practice, and purpose make Christianity or a God-ish hypothesis more plausible than atheist skepticism?",unlocked,,,False,Multi-speaker or non-comparable scoring format,
19,harris-oconnor-objective-morality-2024,Sam Harris vs Alex O'Connor: Objective Morality and Emotivism,"Can objective morality be grounded in facts about conscious well-being, or does ethical language reduce to emotive expression plus instrumental science?",earlier,,,False,no position-level theist-vs-non-theist comparison,
20,hitchens-hitchens-iraq-god-2008,"Christopher Hitchens vs Peter Hitchens: Iraq, God, and Moral Authority","Was the invasion of Iraq defensible, and does religion supply or corrupt moral authority?",earlier,con,Morality & moral foundations,False,one published theistic/religious side and one published non-theistic/skeptical side,2
21,hitchens-wolpe-great-god-debate-2010,Christopher Hitchens vs Rabbi David Wolpe: The Great God Debate,"Does religious faith reveal God, moral meaning, and human freedom, or does it replace reason with projection, authority, and harmful consolation?",earlier,con,"Religion, culture & meaning",False,one published theistic/religious side and one published non-theistic/skeptical side,9
22,turek-hitchens-god-existence-2008,Frank Turek vs Christopher Hitchens: Does God Exist?,"Does God exist, and do cosmology, design, morality, consciousness, and Christian claims outweigh the anti-theist critique of religion?",earlier,pro,"Cosmology, science & design",True,one published theistic/religious side and one published non-theistic/skeptical side,7
23,oconnor-biddle-objective-morality-2024,Alex O'Connor vs Craig Biddle: Is Morality Objective?,"Is morality objectively grounded in the factual requirements of human life, or are moral claims expressions of emotion without truth value?",earlier,,,False,no position-level theist-vs-non-theist comparison,
24,hitchens-olasky-religion-grace-2007,"Christopher Hitchens vs Marvin Olasky: Religion, Grace, and Secular Morality","Does religion poison everything, or does Christianity provide grace, charity, moral transformation, and historical credibility that defeat that charge?",earlier,con,Morality & moral foundations,False,one published theistic/religious side and one published non-theistic/skeptical side,-2
25,hitchens-ramadan-islam-peace-2010,Christopher Hitchens vs Tariq Ramadan: Is Islam a Religion of Peace?,"Is Islam a religion of peace, or do its claims, institutions, and enforcement patterns make that description untenable?",earlier,con,"Scripture, revelation & doctrine",False,one published theistic/religious side and one published non-theistic/skeptical side,-2
26,turek-hitchens-reality-theism-atheism-2011,Frank Turek vs Christopher Hitchens: What Best Explains Reality?,"What best explains reality: theism, with a personal creator and revelation, or atheism, with no supernatural dimension?",earlier,pro,General theism & naturalism,True,one published theistic/religious side and one published non-theistic/skeptical side,9
27,oconnor-turek-evil-moral-argument-2017,Alex O'Connor vs Frank Turek: The Moral Argument Debate,"Does evil and objective morality point to God, or can agnostic atheism explain moral experience without accepting a divine moral ground?",earlier,pro,"Evil, suffering & hiddenness",True,one published theistic/religious side and one published non-theistic/skeptical side,11
28,turek-shermer-reality-theism-atheism-2018,Frank Turek vs Michael Shermer: What Best Explains Reality?,"What best explains reality: theism grounded in God as the cause of creation, reason, information, morality, evil, and science, or skeptical naturalism grounded in evidence and scientific inquiry?",earlier,pro,General theism & naturalism,True,one published theistic/religious side and one published non-theistic/skeptical side,11
29,turek-silverman-reality-theism-atheism-2013,Frank Turek vs David Silverman: Which Better Explains Reality?,"Which better explains reality: theism, with God as the ground of creation, reason, information, morality, evil, and science, or atheism, with natural inquiry and human responsibility?",earlier,pro,General theism & naturalism,True,one published theistic/religious side and one published non-theistic/skeptical side,1
30,lowder-turek-naturalism-theism-2016,Jeffery Jay Lowder vs Frank Turek: Naturalism or Theism?,"What better explains reality: naturalism, where the physical explains the mental, or theism, where God grounds creation, reason, information, morality, evil, and science?",earlier,con,General theism & naturalism,True,one published theistic/religious side and one published non-theistic/skeptical side,15
31,oconnor-craig-resurrection-2023,Alex O'Connor vs William Lane Craig: Did Jesus Rise From the Dead?,"Does the historical evidence make Jesus' resurrection the best explanation of the facts, or should skeptical alternatives and evidential caution prevent that conclusion?",earlier,pro,Resurrection & historical evidence,True,one published theistic/religious side and one published non-theistic/skeptical side,2
32,knechtle-oconnor-halper-biblical-god-2024,Cliffe and Stuart Knechtle vs Alex O'Connor and Phil Halper: Does the Biblical God Exist?,"Does the biblical God exist, given moral experience, Jesus, scripture, animal suffering, biblical violence, religious geography, and resurrection evidence?",unlocked,,,False,Multi-speaker or non-comparable scoring format,
33,craig-carroll-god-cosmology-2014,William Lane Craig vs Sean Carroll: God and Cosmology,"Does contemporary cosmology make God's existence more probable, or do naturalistic cosmological models better explain the universe without theism?",earlier,pro,"Cosmology, science & design",True,one published theistic/religious side and one published non-theistic/skeptical side,7
34,goff-carroll-consciousness-fundamental-2023,Philip Goff vs Sean Carroll: Is Consciousness Fundamental?,"Is consciousness a fundamental feature of reality, or can physicalism explain conscious experience through higher-level descriptions of the physical world?",earlier,,,False,no position-level theist-vs-non-theist comparison,
35,carroll-shermer-hutchinson-dsouza-science-religion-2012,Sean Carroll and Michael Shermer vs Ian Hutchinson and Dinesh D'Souza: Has Science Refuted Religion?,"Has science refuted religion, or does that claim overreach by confusing scientific method with scientism and by ignoring non-scientific forms of evidence?",unlocked,,,False,Multi-speaker or non-comparable scoring format,
36,carroll-halvorson-metaphysics-worldview-2016,Sean Carroll vs Hans Halvorson: Metaphysics,"How should scientific knowledge be integrated into naturalist and theistic worldviews, and do cosmology, fine-tuning, quantum mechanics, consciousness, morality, and meaning favor either metaphysical picture?",earlier,con,General theism & naturalism,True,one published theistic/religious side and one published non-theistic/skeptical side,-3
37,ehrman-bass-resurrection-history-2023,Bart Ehrman vs Justin Bass: Did Jesus of Nazareth Rise From the Dead?,"Did Jesus of Nazareth historically rise from the dead, and do the early resurrection appearances, the unexpected messianic claim, Christianity's spread, and later visions make that explanation plausible?",earlier,pro,Resurrection & historical evidence,True,one published theistic/religious side and one published non-theistic/skeptical side,10
38,mcdowell-ehrman-moral-objectivity-2026,"Sean McDowell vs Bart Ehrman: The Moral Argument, Guilt, and the Teachings of Jesus","Do Jesus' teachings and the West's moral transformation point to objective moral truths grounded beyond human preference, or can morality be explained as historically shaped human inclination without divine grounding?",earlier,,,False,no position-level theist-vs-non-theist comparison,
39,lambert-jones-christian-faith-skepticism-2021,Derek Lambert vs Michael Jones: Atheist and Christian Discussion,"Can Christian belief be rationally sustained amid skeptical challenges about faith, hell, resurrection evidence, biblical reliability, religious experience, the Exodus, and parallels with other ancient traditions?",earlier,pro,"Scripture, revelation & doctrine",True,one published theistic/religious side and one published non-theistic/skeptical side,2
40,enoch-bush-objective-moral-truths-2026,David Enoch vs Lance Bush: Are There Objective Moral Truths?,"Are there objective moral truths, and does moral realism or global normative anti-realism better explain ordinary moral judgment, deliberation, language, and disagreement?",earlier,,,False,no position-level theist-vs-non-theist comparison,
41,huemer-bush-objective-moral-facts-2024,Michael Huemer vs Lance Bush: Do Objective Moral Facts Exist?,"Do objective moral facts exist, and can ethical intuitionism establish moral realism against anti-realist quietism, folk metaethical indeterminacy, and language-use objections?",earlier,,,False,no position-level theist-vs-non-theist comparison,
42,schmid-tomaszewski-divine-simplicity-2020,Joe Schmid vs Chris Tomaszewski: Is Divine Simplicity True?,"Is divine simplicity, understood as God's absence of real intrinsic parts or composition, coherent with classical theism, Trinitarian doctrine, divine freedom, and omniscient knowledge of contingent reality?",earlier,pro,"Scripture, revelation & doctrine",False,one published theistic/religious side and one published non-theistic/skeptical side,1
43,meyer-halper-cosmology-fine-tuning-2026,Stephen Meyer vs Phil Halper: The Big Bang and Fine-Tuning,"Does modern cosmology, especially Big Bang evidence and cosmic fine-tuning, make theism or intelligent design a better explanation than naturalistic early-universe models?",earlier,pro,"Cosmology, science & design",True,one published theistic/religious side and one published non-theistic/skeptical side,11
44,oconnor-biddle-free-will-2025,Alex O'Connor vs Craig Biddle: Free Will - Do You Have It?,"Do human beings have free will, either as ultimate control over action or as a volitional capacity to focus and use reason?",earlier,,,False,no position-level theist-vs-non-theist comparison,
45,singer-frazier-swinburne-oconnor-morality-2025,"Peter Singer, Jessica Frazier, Richard Swinburne, and Alex O'Connor: The Mystery of Morality","Are moral truths real features of reason, consciousness, religion, or emergent human life, or are moral claims best understood as expressions of feeling?",unlocked,,,False,Multi-speaker or non-comparable scoring format,
46,shapiro-oconnor-atheist-delusion-society-2023,"Ben Shapiro vs Alex O'Connor: The Atheist Delusion, Free Will, and Society","Does atheism depend on borrowed religious or extra-natural assumptions about free will, morality, reason, and social order, or can secular life face the truth without religious scaffolding?",earlier,pro,"Religion, culture & meaning",False,one published theistic/religious side and one published non-theistic/skeptical side,16
47,jones-krauss-christianity-secular-ethics-2025,Michael Jones vs Lawrence Krauss: Christianity or Secular Ethics - What's Best for Society?,"Which is better for society: Christianity, understood as a Christian-value society with a largely Christian population, or secular ethics?",earlier,pro,Morality & moral foundations,False,one published theistic/religious side and one published non-theistic/skeptical side,-3
48,scrivener-folley-hiddenness-evil-moral-narrative-2025,"Glen Scrivener vs Joe Folley: Morality, Evil, Consciousness, and Christian Narrative","Does Christian theism better account for hiddenness, evil, consciousness, morality, and moral progress than agnostic or naturalistic alternatives?",earlier,pro,"Evil, suffering & hiddenness",True,one published theistic/religious side and one published non-theistic/skeptical side,10
49,dyer-dillahunty-transcendental-theism-2019,Jay Dyer vs Matt Dillahunty: Transcendental Argument for Theism,"Does the transcendental argument show that Orthodox Christian theism is needed to ground logic, truth, induction, ethics, and knowledge?",earlier,pro,"Mind, reason & logic",True,one published theistic/religious side and one published non-theistic/skeptical side,13
50,knechtle-dillahunty-christianity-true-2023,Cliffe Knechtle vs Matt Dillahunty: Is Christianity True?,"Is Christianity true, and do the Gospels, resurrection claims, moral meaning, and human value give sufficient warrant for Christian faith?",earlier,pro,"Scripture, revelation & doctrine",True,one published theistic/religious side and one published non-theistic/skeptical side,17
51,lennox-atkins-duelling-professors-2012,John Lennox vs Peter Atkins: Duelling Professors on Science and God,"Do science, design, DNA, natural law, morality, and human experience point toward Christian theism or toward an atheistic naturalist account?",earlier,pro,"Cosmology, science & design",True,one published theistic/religious side and one published non-theistic/skeptical side,-7
52,horn-dillahunty-resurrection-reasonable-2021,Trent Horn vs Matt Dillahunty: Is Belief in the Resurrection Reasonable?,"Is it reasonable to believe Jesus of Nazareth rose from the dead, given historical testimony, expected evidence, background knowledge, and standards for unusual claims?",earlier,pro,Resurrection & historical evidence,True,one published theistic/religious side and one published non-theistic/skeptical side,1
53,oconnor-dsouza-bible-true-2024,Alex O'Connor vs Dinesh D'Souza: Is the Bible True?,"Is the Bible true in historical, moral, allegorical, theological, and revelatory senses, or do contradictions and morally troubling texts undermine its truth claims?",earlier,pro,"Scripture, revelation & doctrine",True,one published theistic/religious side and one published non-theistic/skeptical side,15
54,jones-law-christianity-humanism-future-2025,Michael Jones vs Stephen Law: Christianity vs Humanism,"Does Christianity or humanism offer a brighter future for humanity, especially for moral formation, social health, human rights, truth, and pluralistic freedom?",earlier,pro,Morality & moral foundations,False,one published theistic/religious side and one published non-theistic/skeptical side,9
55,craig-malpass-kalam-nothing-2026,William Lane Craig vs Alex Malpass: Can Something Come From Nothing?,"Does the Kalam cosmological argument show that the universe began to exist, has a cause, and points to a personal creator?",earlier,pro,"Cosmology, science & design",True,one published theistic/religious side and one published non-theistic/skeptical side,16
56,huemer-lutz-morality-real-2026,Mike Huemer vs Matt Lutz: Is Morality Real?,"Are there objective moral facts, and can moral knowledge be justified by appearances rather than only by best-explanation evidence?",earlier,,,False,no position-level theist-vs-non-theist comparison,
57,scrivener-dillahunty-atheism-morality-2020,Glen Scrivener vs Matt Dillahunty: Can Atheism Deliver a Better World?,Can atheism or secular humanism provide a better moral foundation for society than Christianity?,earlier,pro,Morality & moral foundations,False,one published theistic/religious side and one published non-theistic/skeptical side,9
58,dillahunty-slick-secular-humanism-christianity-2016,Matt Dillahunty vs Matt Slick: Is Secular Humanism Superior to Christianity?,"Is secular humanism superior to Christianity at achieving human flourishing, rational decision-making, moral reasoning, and conflict resolution?",earlier,con,Morality & moral foundations,True,one published theistic/religious side and one published non-theistic/skeptical side,8
59,bollore-halper-god-science-evidence-2026,Michel-Yves Bollore vs Phil Halper: Does Science Point to God?,"Do cosmology, fine-tuning, origin-of-life research, biblical claims, and suffering make the Christian God more or less plausible?",earlier,pro,"Cosmology, science & design",True,one published theistic/religious side and one published non-theistic/skeptical side,19
60,horn-oconnor-jesus-resurrection-2026,Trent Horn vs Alex O'Connor: Did Jesus Rise From the Dead?,"Did Jesus physically rise from the dead, and do early Christian testimony, rival miracle claims, martyrdom, and the empty tomb make that conclusion historically reasonable?",earlier,pro,Resurrection & historical evidence,True,one published theistic/religious side and one published non-theistic/skeptical side,8
61,scrivener-oconnor-morality-bible-slavery-2026,"Glen Scrivener vs Alex O'Connor: Morality, Freedom, Slavery, and the Bible","Did Christian faith give the modern West its beliefs in kindness, equality, freedom, consent, and abolition, or are those values better explained by mixed traditions, social struggle, and secular moral development?",earlier,pro,Morality & moral foundations,False,one published theistic/religious side and one published non-theistic/skeptical side,8
62,pageau-folley-logos-meaning-resurrection-2026,"Jonathan Pageau vs Joe Folley: Genesis, Jesus, Science, and Faith","Do patterns, symbolism, Genesis, resurrection, worship, and social meaning point toward God as Logos, or can they be explained by human cognition, pragmatic abstraction, and bottom-up social life?",earlier,pro,"Religion, culture & meaning",False,one published theistic/religious side and one published non-theistic/skeptical side,12
63,butt-shermer-god-bible-2023,Kyle Butt vs Michael Shermer: Does the God of the Bible Exist?,"Does the God of the Bible exist, and do causation, design, morality, Jesus, religious diversity, suffering, and evidential standards support or undermine that claim?",earlier,pro,"Scripture, revelation & doctrine",True,one published theistic/religious side and one published non-theistic/skeptical side,15
64,pine-watkins-god-existence-2020,Gregory Pine vs Ben Watkins: Does God Exist?,"Does God exist, and do Thomistic arguments from being, act and potency, divine simplicity, revelation, evil, freedom, and changing knowledge support or undermine classical theism?",earlier,pro,General theism & naturalism,True,one published theistic/religious side and one published non-theistic/skeptical side,7
65,donahue-malpass-fine-tuning-god-2026,Miles K. Donahue vs Alex Malpass: Does Fine-Tuning Point to God?,"Does cosmic fine-tuning provide strong evidence for God, or can naturalistic alternatives, hypothesis-space ambiguity, and doubts about divine psychology undercut that inference?",earlier,pro,"Cosmology, science & design",True,one published theistic/religious side and one published non-theistic/skeptical side,1
66,donahue-fodor-case-against-christianity-2025,Miles K. Donahue vs James Fodor: The Case Against Christianity,"Do philosophical arguments, biblical beauty, religious experience, and resurrection evidence make Christianity credible, or do evil, disagreement, expert dissent, and Christian moral failure make it unlikely?",earlier,pro,"Scripture, revelation & doctrine",True,one published theistic/religious side and one published non-theistic/skeptical side,2
67,jones-fodor-digital-physics-god-2021,Michael Jones vs James Fodor: The Digital Physics Argument for God,"Does digital physics, emergent spacetime, quantum information, and idealist metaphysics make God the best explanation of reality, or is a materialist ontology simpler and better disciplined?",earlier,pro,"Mind, reason & logic",True,one published theistic/religious side and one published non-theistic/skeptical side,16
68,jones-dillahunty-quantum-idealism-demonstrability-2026,Michael Jones vs Matt Dillahunty: Quantum Idealism and Demonstrability,"Does quantum mechanics and idealism provide good reason to treat consciousness or a divine mind as fundamental, or does the claim fail public demonstrability and physical-interaction tests?",earlier,pro,"Mind, reason & logic",True,one published theistic/religious side and one published non-theistic/skeptical side,17
69,winger-dillahunty-resurrection-unreasonable-2019,Mike Winger vs Matt Dillahunty: Is Belief in the Resurrection Unreasonable?,"Is belief in Jesus' resurrection reasonable given the historical claims, testimonial sources, rival explanations, and evidential burden for supernatural causation?",earlier,pro,Resurrection & historical evidence,True,one published theistic/religious side and one published non-theistic/skeptical side,6
70,malpass-anderson-logic-god-2021,Alex Malpass vs James Anderson: Does Logic Prove God?,"Does the existence of necessary truths or laws of logic support a necessarily existing divine mind, or can propositions be explained without God?",earlier,pro,"Mind, reason & logic",True,one published theistic/religious side and one published non-theistic/skeptical side,-4
71,hitchens-kushner-gomes-god-religion-morality-2009,"Christopher Hitchens vs Harold Kushner and Peter Gomes: God, Religion, and Morality","Does belief in God and religious tradition provide necessary moral meaning, resilience, and communal wisdom, or does religion add false claims, sectarian authority, and distinctive moral harms?",unlocked,,,False,Multi-speaker or non-comparable scoring format,
72,dyer-malpass-tag-argument-2019,Jay Dyer vs Alex Malpass: The TAG Argument,"Does the transcendental argument show that logic, induction, knowledge, and ethics require the Orthodox Christian God, or can those preconditions be understood without that presupposition?",earlier,pro,"Mind, reason & logic",True,one published theistic/religious side and one published non-theistic/skeptical side,17
73,hawkins-folley-free-will-compatibilism-2026,Nathan Hawkins vs Joe Folley: Do We Really Have Free Will?,"Does human freedom require libertarian alternative possibilities and sourcehood, or can compatibilist notions of will, responsibility, and practical agency survive determinism?",earlier,,,False,no position-level theist-vs-non-theist comparison,
74,rasmussen-malpass-suffering-causal-finitism-2021,"Josh Rasmussen vs Alex Malpass: Suffering, Theism, and Causal Finitism","Do Grim Reaper-style paradoxes support causal finitism, and does the existence and distribution of suffering favor theism or the hypothesis of indifference?",earlier,pro,"Evil, suffering & hiddenness",True,one published theistic/religious side and one published non-theistic/skeptical side,7
75,rasmussen-clifton-contingency-argument-2019,Josh Rasmussen vs Scott Clifton: Is the Contingency Argument Persuasive?,Is the argument from contingency persuasive in moving from contingent reality to a necessary or automatically actual foundation?,earlier,pro,"Cosmology, science & design",True,one published theistic/religious side and one published non-theistic/skeptical side,8
76,craig-oppy-mathematics-theism-2020,William Lane Craig vs Graham Oppy: Does Math Point to God?,Does the surprising applicability of mathematics to the physical world support theism better than naturalism?,earlier,pro,"Mind, reason & logic",True,one published theistic/religious side and one published non-theistic/skeptical side,3
77,feser-oppy-arguments-for-god-2020,Ed Feser vs Graham Oppy: Are There Any Good Arguments for God?,"Are there good arguments for God, and does Feser's Aristotelian proof survive Oppy's theory-comparison and persistence objections?",earlier,pro,General theism & naturalism,True,one published theistic/religious side and one published non-theistic/skeptical side,-5
78,albrecht-oppy-resurrection-ancient-christianity-2023,William Albrecht vs Graham Oppy: Resurrection and Ancient Christianity,"Do Paul's letters, Gospel transmission, hostile witnesses, and early church structures make the bodily resurrection and Catholic continuity historically credible?",earlier,pro,Resurrection & historical evidence,True,one published theistic/religious side and one published non-theistic/skeptical side,7
79,swinburne-oppy-theism-probability-2022,Richard Swinburne vs Graham Oppy: Is Theism Probable?,"Is theism more probable than naturalism when judged by simplicity, explanatory scope, fine-tuning, consciousness, and modality?",earlier,pro,General theism & naturalism,True,one published theistic/religious side and one published non-theistic/skeptical side,5
80,rasmussen-schmid-argument-from-limits-2023,Josh Rasmussen vs Joe Schmid: The Argument from Limits,Does the argument from arbitrary limits successfully move from a fundamental reality or necessary foundation toward God-like perfection?,earlier,pro,"Mind, reason & logic",True,one published theistic/religious side and one published non-theistic/skeptical side,6
81,rasmussen-oppy-ultimate-reality-naturalism-2020,"Josh Rasmussen vs Graham Oppy: Theism, Naturalism, and Ultimate Reality","Is a theistic supreme foundation or a naturalistic initial reality the better account of ultimate reality, mind, and worldview simplicity?",earlier,pro,General theism & naturalism,True,one published theistic/religious side and one published non-theistic/skeptical side,4
82,bush-mcallister-moral-anti-realism-realism-2025,Lance Bush vs Derek McAllister: Moral Anti-Realism vs Realism,"Does moral realism have a common-sense, historical, or semantic advantage over moral anti-realism?",earlier,,,False,no position-level theist-vs-non-theist comparison,
83,loke-oppy-kalam-causal-principle-2020,Andrew Loke vs Graham Oppy: Is the Kalam Sound?,Does Loke's reformulated Kalam cosmological argument successfully establish a beginningless personal creator of the universe?,earlier,pro,"Cosmology, science & design",True,one published theistic/religious side and one published non-theistic/skeptical side,12
84,krauss-meyer-lamoureux-god-science-universe-2016,"Lawrence Krauss vs Stephen Meyer and Denis Lamoureux: God, Science, and the Universe","Do cosmology, evolution, and biological information point beyond scientific naturalism to God, design, or a theistic interpretation of nature?",unlocked,,,False,Multi-speaker or non-comparable scoring format,
85,atkins-fox-god-science-future-humanity-2024,Peter Atkins vs Keith Fox: God vs Science Debate,"Do science, evolution, and future technology make God unnecessary, or do value, personhood, origins, and hope point beyond scientific materialism?",earlier,con,"Cosmology, science & design",True,one published theistic/religious side and one published non-theistic/skeptical side,-15
86,egnor-dillahunty-god-existence-2021,Michael Egnor vs Matt Dillahunty: Does God Exist?,"Does God exist, and do Thomistic proofs, moral law, and natural theology meet the burden of proof against skeptical atheism?",earlier,pro,General theism & naturalism,True,one published theistic/religious side and one published non-theistic/skeptical side,12
87,christopoulos-dillahunty-resurrection-historical-event-2024,Than Christopoulos vs Matt Dillahunty: Is the Resurrection a Historical Event?,Does the historical evidence make Jesus' resurrection more probable than competing hypotheses?,earlier,pro,Resurrection & historical evidence,True,one published theistic/religious side and one published non-theistic/skeptical side,9
88,sechler-dillahunty-perfect-mind-universe-2022,Zac Sechler vs Matt Dillahunty: Did a Perfect Mind Create the Universe?,"Did a perfect mind create the universe, and do simplicity, moral agents, beauty, fine-tuning, meaning, and purpose favor that hypothesis over non-theism?",earlier,pro,General theism & naturalism,True,one published theistic/religious side and one published non-theistic/skeptical side,4
89,bignon-oppy-religious-experience-god-2022,Guillaume Bignon vs Graham Oppy: Religious Experience and the Case for God,"Can Bignon's conversion story, religious experience, and supporting arguments rationally support Christian belief, or do rival experiences and naturalist explanations undercut their evidential force?",earlier,pro,"Religion, culture & meaning",False,one published theistic/religious side and one published non-theistic/skeptical side,5
90,akin-ehrman-gospels-historically-reliable-2022,Jimmy Akin vs Bart Ehrman: Are the Gospels Historically Reliable?,"Are the canonical Gospels historically reliable despite alleged contradictions in the birth narratives, resurrection accounts, and Jesus' self-presentation?",earlier,pro,"Scripture, revelation & doctrine",False,one published theistic/religious side and one published non-theistic/skeptical side,7
91,cutter-oppy-mind-brain-harmony-god-2025,Brian Cutter vs Graham Oppy: Does Mind-Brain Harmony Point to God?,"Does psychophysical harmony, the apparent fit between conscious states and physical or functional states, provide evidence for God over naturalism?",earlier,pro,"Mind, reason & logic",True,one published theistic/religious side and one published non-theistic/skeptical side,0
92,craig-malpass-universe-begin-exist-2020,William Lane Craig vs Alex Malpass: Did the Universe Begin to Exist?,Do actual-infinity and successive-addition arguments give adequate philosophical support for the Kalam claim that the universe began to exist?,earlier,pro,"Cosmology, science & design",True,one published theistic/religious side and one published non-theistic/skeptical side,11
93,hunter-dillahunty-christian-god-exist-2019,Braxton Hunter vs Matt Dillahunty: Does the Christian God Exist?,"Does the Christian God exist, and do libertarian freedom, the Kalam argument, resurrection evidence, hiddenness, and inconsistent revelation make Christian theism more reasonable than skepticism?",earlier,pro,"Scripture, revelation & doctrine",True,one published theistic/religious side and one published non-theistic/skeptical side,9
94,swinburne-huemer-theism-coherent-2026,Richard Swinburne vs Michael Huemer: Is Theism Coherent?,"Is theism coherent, especially if God is described as omnipotent, omniscient, perfectly good, and infinite in power or knowledge?",earlier,pro,General theism & naturalism,True,one published theistic/religious side and one published non-theistic/skeptical side,8
95,craig-frazier-goff-folley-god-reality-2026,"William Lane Craig, Jessica Frazier, Philip Goff, and Joe Folley: Did God Create Reality?","Did God create physical reality, and does classical theism best explain the universe, objective meaning, mystical experience, consciousness, and moral obligation?",unlocked,,,False,Multi-speaker or non-comparable scoring format,
96,knechtle-aronra-tjump-christianity-true-2023,Cliffe and Stuart Knechtle vs Aron Ra and TJump: Is Christianity True?,"Is Christianity true, and do the Gospels, resurrection claims, moral experience, human meaning, and biblical history justify Christian faith over skeptical naturalism?",unlocked,,,False,Multi-speaker or non-comparable scoring format,
97,holland-grayling-christianity-human-values-2019,Tom Holland vs A. C. Grayling: Did Christianity Give Us Our Human Values?,"Did Christianity give the modern West its human values, or do dignity, equality, humanism, science, and moral concern owe more to classical, Axial Age, Enlightenment, and secular sources?",earlier,pro,Morality & moral foundations,False,one published theistic/religious side and one published non-theistic/skeptical side,6
98,craig-grayling-evil-god-reasonable-2011,William Lane Craig vs A. C. Grayling: Is Belief in God Reasonable in Light of Evil?,"Is belief in God reasonable in light of tsunamis, childhood cancer, moral evil, and the apparent harshness of the natural world?",earlier,pro,"Evil, suffering & hiddenness",True,one published theistic/religious side and one published non-theistic/skeptical side,2
99,jones-jump-digital-physics-god-2019,Michael Jones vs Tom Jump: Does God Exist?,"Does God exist, and do emergent spacetime, quantum consciousness, idealism, and the limits of metaphysical knowledge make theism more reasonable than naturalistic alternatives?",earlier,pro,"Mind, reason & logic",True,one published theistic/religious side and one published non-theistic/skeptical side,4
100,jones-dillahunty-emergent-mind-god-2020,Michael Jones vs Matt Dillahunty: Reason to Believe in God?,"Do digital physics, cosmic consciousness, and introspective idealism provide good reasons to believe in a necessary immaterial mind, or do those arguments fail demonstrability, probability, and burden-of-proof standards?",earlier,pro,"Mind, reason & logic",True,one published theistic/religious side and one published non-theistic/skeptical side,18
101,woodford-scrivener-religion-poisons-everything-2026,Stephen Woodford vs Glen Scrivener: Does Religion Poison Everything?,"Does religion poison everything by adding doctrine, dogma, revelation, and moral harm to human decency, or does Christianity supply the sacred ideals and institutions that made modern compassion possible?",earlier,con,"Religion, culture & meaning",False,one published theistic/religious side and one published non-theistic/skeptical side,3
102,woodford-brierley-christianity-rational-2019,Stephen Woodford vs Justin Brierley: Is Christianity Rational?,"Is Christianity rational, and do its claims about God, morality, reason, and resurrection meet proportionate evidential standards?",earlier,con,"Scripture, revelation & doctrine",True,one published theistic/religious side and one published non-theistic/skeptical side,5
103,woodford-edwards-rational-belief-god-2023,Stephen Woodford vs Simon Edwards: Is It Rational to Believe in God?,"Is belief in an all-powerful, all-loving God rational given alleged gratuitous evil, salvation confusion, rationality, design, and morality?",earlier,con,"Evil, suffering & hiddenness",True,one published theistic/religious side and one published non-theistic/skeptical side,4
104,oconnor-baker-hytch-argument-from-reason-2020,Alex O'Connor vs Max Baker-Hytch: The Argument for God From Reason,Does rationality undermine naturalism and make a theistic or otherwise non-naturalist account of mind more probable?,earlier,pro,"Mind, reason & logic",True,one published theistic/religious side and one published non-theistic/skeptical side,-2
105,craig-williams-hossenfelder-zizek-god-reality-2026,William Lane Craig and Rowan Williams vs Sabine Hossenfelder and Slavoj Žižek: Does God Exist?,"Does God belong in our best account of reality, given cosmology, explanation, resurrection claims, suffering, religious practice, and the limits of science?",unlocked,,,False,Multi-speaker or non-comparable scoring format,
106,peterson-blackmore-god-meaning-life-2018,Jordan Peterson vs Susan Blackmore: Do We Need God to Make Sense of Life?,"Do humans need God, religious stories, or religiously inherited values to make sense of life, meaning, morality, suffering, and action?",earlier,pro,"Religion, culture & meaning",False,one published theistic/religious side and one published non-theistic/skeptical side,11
107,lennox-ruse-science-faith-evidence-god-2018,"John Lennox vs Michael Ruse: Science, Faith, and the Evidence for God","Do science, mathematics, miracle claims, moral experience, and the problem of evil support an evidence-based Christian faith or a more cautious agnostic naturalism?",earlier,pro,"Cosmology, science & design",True,one published theistic/religious side and one published non-theistic/skeptical side,6
108,ward-ruse-mind-consciousness-god-2013,"Keith Ward vs Michael Ruse: Mind, Consciousness, and God","Does human consciousness, religious and moral experience, and free agency make best sense within a God-centered mind-first reality, or can agnostic naturalism absorb those mysteries without theism?",earlier,pro,"Mind, reason & logic",True,one published theistic/religious side and one published non-theistic/skeptical side,2
109,mclatchie-oconnor-theism-naturalism-reality-2022,Jonathan McLatchie vs Alex O'Connor: Theism or Naturalism?,"Theism or naturalism: which provides a better account of reality, including biological information, resurrection testimony, divine hiddenness, religious geography, and suffering?",earlier,pro,General theism & naturalism,True,one published theistic/religious side and one published non-theistic/skeptical side,9
110,tour-garte-evolution-agency-christian-faith-2025,"James Tour vs Sy Garte: Evolution, Agency, and Christian Faith","Can Christian faith be reconciled with evolutionary theory by emphasizing agency, cognition, and natural genetic engineering, or do unresolved mechanisms in origins, body plans, fossils, and human uniqueness make evolutionary confidence overreach?",earlier,,,False,both published sides are theistic/religious,
111,tour-farina-origin-life-cluelessness-2023,Dave Farina vs James Tour: Are We Clueless About the Origin of Life?,"Are scientists currently clueless about the origin of life, or do prebiotic chemistry, ribozyme research, and systems chemistry already provide viable pathways toward abiogenesis?",earlier,,,False,no position-level theist-vs-non-theist comparison,
112,copan-woodford-belief-god-reasonable-2024,Paul Copan vs Stephen Woodford: Is Belief in God Reasonable?,"Is belief in God reasonable, given cosmology, fine-tuning, consciousness, rationality, morality, evil, religious history, and the record of scientific explanation?",earlier,pro,General theism & naturalism,True,one published theistic/religious side and one published non-theistic/skeptical side,3
113,dirckx-woodford-god-suffering-2024,Sharon Dirckx vs Stephen Woodford: Why Doesn't God Stop Suffering?,"Does the reality of suffering make belief in an all-powerful, all-loving God unreasonable, or does the Christian framework of a broken world, divine presence, justice, and future healing make better sense of it?",earlier,pro,"Evil, suffering & hiddenness",True,one published theistic/religious side and one published non-theistic/skeptical side,1
114,dirckx-goff-consciousness-points-god-2019,Sharon Dirckx vs Philip Goff: Does Consciousness Point to God?,"Does consciousness point beyond materialism to God, or can a non-theistic panpsychist framework explain conscious experience without adding theism?",earlier,pro,"Mind, reason & logic",True,one published theistic/religious side and one published non-theistic/skeptical side,2
115,horn-bertuzzi-oconnor-schmid-problem-evil-2022,Trent Horn and Cameron Bertuzzi vs Alex O'Connor and Joe Schmid: Problem of Evil,"Does suffering, especially animal suffering and apparently gratuitous evil, make perfect-being theism improbable, or can theodicy, skeptical theism, higher goods, and Christian hope answer the challenge?",unlocked,,,False,Multi-speaker or non-comparable scoring format,
116,bertuzzi-schieber-evil-evidence-2019,Cameron Bertuzzi vs Justin Schieber: The Problem of Evil,"Do facts about pain, pleasure, languishing, and horrendous evil count as evidence for naturalism over theism, or can soul-building and skeptical theism neutralize that evidential force?",earlier,pro,"Evil, suffering & hiddenness",True,one published theistic/religious side and one published non-theistic/skeptical side,9
117,bertuzzi-oconnor-contingency-argument-2018,Alex O'Connor vs Cameron Bertuzzi: Something From Nothing?,"Does the contingency argument show that contingent reality requires a necessary foundation identifiable as God, or can determinism, composition worries, and a necessary-universe option block the inference?",earlier,pro,"Cosmology, science & design",True,one published theistic/religious side and one published non-theistic/skeptical side,6
118,hernandez-schieber-god-existence-2023,Eric Hernandez vs Justin Schieber: Does God Exist?,"Does theism or atheistic naturalism better explain evil, objective morality, knowledge, rationality, consciousness, free will, animal suffering, cosmic hostility, and non-resistant nonbelief?",earlier,pro,"Evil, suffering & hiddenness",True,one published theistic/religious side and one published non-theistic/skeptical side,11
119,jones-oconnor-hell-2023,Michael Jones vs Alex O'Connor: Does God Send People to Hell?,"Can the Christian doctrine of hell be morally justified as self-chosen exile, sanctifying grace, and possible annihilation rather than external torture?",earlier,pro,"Evil, suffering & hiddenness",True,one published theistic/religious side and one published non-theistic/skeptical side,7
120,mclatchie-oconnor-christianity-true-2019,Jonathan McLatchie vs Alex O'Connor: Is Christianity True?,"Is Christianity true, especially in light of resurrection evidence, Gospel reliability, and the moral authority of biblical teaching?",earlier,pro,"Scripture, revelation & doctrine",True,one published theistic/religious side and one published non-theistic/skeptical side,0
121,dawkins-lennox-science-buried-god-2017,Richard Dawkins vs John Lennox: Has Science Buried God?,"Has science buried God, or can Christian theism still explain rationality, design, miracles, morality, and fine-tuning?",earlier,pro,"Cosmology, science & design",True,one published theistic/religious side and one published non-theistic/skeptical side,6
122,horn-oconnor-god-existence-2020,Trent Horn vs Alex O'Connor: Does God Exist?,"Does God exist, and do contingency, sufficient reason, moral realism, evil, animal suffering, and quantum randomness support or undermine theism?",earlier,pro,"Evil, suffering & hiddenness",True,one published theistic/religious side and one published non-theistic/skeptical side,6
123,oconnor-pine-divine-hiddenness-2024,Gregory Pine vs Alex O'Connor: The Divine Hiddenness Problem,"Does divine hiddenness, uneven religious geography, sincere nonbelief, hell, and original sin count against Catholic theism, or can grace, providence, and creaturely agency explain them?",earlier,pro,"Evil, suffering & hiddenness",True,one published theistic/religious side and one published non-theistic/skeptical side,13
124,harris-peterson-god-atheism-bible-2018,"Sam Harris vs Jordan Peterson: God, Atheism, The Bible, Jesus","Can religious stories, God-language, and biblical tradition ground moral truth and meaning, or should moral realism, well-being, and open inquiry replace dogmatic religious frameworks?",earlier,pro,"Religion, culture & meaning",False,one published theistic/religious side and one published non-theistic/skeptical side,6
125,knechtles-oconnor-bible-ethics-grace-2024,"Cliffe and Stuart Knechtle vs Alex O'Connor: Bible Slavery, Women, and Forgiveness","Can Christian scripture and the gospel of grace give a coherent account of suffering, gender, slavery, violence, forgiveness, and salvation, or do those texts and doctrines create unresolved moral problems?",unlocked,,,False,Multi-speaker or non-comparable scoring format,
126,craig-clifton-kalam-cosmological-argument-2021,William Lane Craig vs Scott Clifton: The Kalam Cosmological Argument,"Does the Kalam causal premise justify a transcendent cause of the universe, or is ordinary causation too bound to space, time, and material conditions to support that inference?",earlier,pro,"Cosmology, science & design",True,one published theistic/religious side and one published non-theistic/skeptical side,6
127,slick-clifton-objective-morality-god-2014,Matt Slick vs Scott Clifton: Does Objective Morality Require God?,"Does objective morality require God as its necessary foundation, or can secular moral reasoning explain the relevant moral truths and obligations?",earlier,pro,Morality & moral foundations,True,one published theistic/religious side and one published non-theistic/skeptical side,19
128,craig-law-evil-god-challenge-2011,William Lane Craig vs Stephen Law: Does God Exist?,"Does God exist, and do Craig's cumulative arguments overcome Law's evidential problem of evil and evil-God symmetry challenge?",earlier,pro,"Evil, suffering & hiddenness",True,one published theistic/religious side and one published non-theistic/skeptical side,12
129,plantinga-law-eaan-rational-belief-2010,Alvin Plantinga vs Stephen Law: Is the EAAN Successful?,Is the evolutionary argument against naturalism successful at showing that naturalism plus evolution gives its believers a defeater for trusting their cognitive faculties?,earlier,,,False,"religion-adjacent, but no explicit theist-vs-non-theist side comparison",
130,licona-carrier-resurrection-history-2010,Mike Licona vs Richard Carrier: Did Jesus Rise From the Dead?,"Did Jesus rise from the dead, and does the resurrection hypothesis better explain early Christian testimony than naturalistic alternatives?",earlier,pro,Resurrection & historical evidence,True,one published theistic/religious side and one published non-theistic/skeptical side,3
131,boyce-carrier-historical-jesus-mythicism-2022,Stephen Boyce vs Richard Carrier: Did Jesus Exist?,"Did Jesus exist as a historical person, or did early Christian belief begin with a celestial or mythic Christ later placed in history?",earlier,,,False,no position-level theist-vs-non-theist comparison,
132,mclatchie-carrier-paul-celestial-jesus-2018,Jonathan McLatchie vs Richard Carrier: Did Paul Believe in a Celestial Jesus?,"Did Paul understand Jesus as an earthly historical person, or as a celestial figure whose death and resurrection occurred in a mythic heavenly realm?",earlier,,,False,no position-level theist-vs-non-theist comparison,
133,hawkins-folley-free-will-idealism-2026,"Nathan Hawkins vs Joe Folley: Free Will, Compatibilism, and Idealism",Can libertarian free will and Bradleyan idealism answer determinist and naturalist pressure better than compatibilist pragmatism?,earlier,,,False,no position-level theist-vs-non-theist comparison,
134,macdonald-carrier-jesus-mythicism-mimesis-2025,Dennis R. MacDonald vs Richard Carrier: Did Jesus Exist?,"Did Jesus exist as a historical Jewish teacher later mythologized, or did early Christianity begin with a revelatory Christ only later placed in history?",earlier,,,False,no position-level theist-vs-non-theist comparison,
135,ehrman-price-historical-jesus-mythicism-2016,Bart Ehrman vs Robert Price: Did Jesus Exist?,"Did a first-century Jewish preacher named Jesus exist behind the Christian traditions, or did Christianity develop from mythic and scriptural materials without such a person?",earlier,,,False,no position-level theist-vs-non-theist comparison,
136,douthat-ehrman-resurrection-gospel-history-2026,Ross Douthat vs Bart Ehrman: Did Jesus Rise From the Dead?,"How much historical confidence should readers place in the Gospels and resurrection accounts: reliable witness traces or later traditions shaped by memory, theology, and debate?",earlier,pro,Resurrection & historical evidence,True,one published theistic/religious side and one published non-theistic/skeptical side,2
137,price-craig-resurrection-historical-analogy-1999,Robert Price vs William Lane Craig: Did Jesus Rise From the Dead?,"Do the earliest Christian sources establish burial, an empty tomb, appearances, and resurrection belief such that God raising Jesus best explains the evidence?",earlier,pro,Resurrection & historical evidence,True,one published theistic/religious side and one published non-theistic/skeptical side,-3
138,albrecht-price-bodily-resurrection-2022,William Albrecht vs Robert Price: Did Jesus Bodily Rise from the Dead?,"Did Jesus Christ bodily rise from the dead, as early Christian sources claim?",earlier,pro,Resurrection & historical evidence,True,one published theistic/religious side and one published non-theistic/skeptical side,2
139,adelstein-dillahunty-belief-god-2025,Matthew Adelstein vs Matt Dillahunty: Should We Believe in God?,"Should we believe in an all-knowing, all-powerful, morally perfect being?",earlier,pro,"Cosmology, science & design",True,one published theistic/religious side and one published non-theistic/skeptical side,8
140,rhodes-dillahunty-evidence-god-2021,Kenny Rhodes vs Matt Dillahunty: Is There Evidence for God?,Is there good evidence for the existence of the God of classical theism?,earlier,pro,General theism & naturalism,True,one published theistic/religious side and one published non-theistic/skeptical side,18
141,fischer-dillahunty-axiomatic-evidence-god-2020,Ben Fischer vs Matt Dillahunty: Is There Good Evidence for God?,"Is there good evidence for God, rather than merely an asserted epistemic starting point?",earlier,pro,General theism & naturalism,True,one published theistic/religious side and one published non-theistic/skeptical side,18
142,comfort-dillahunty-gospel-atonement-2020,Ray Comfort vs Matt Dillahunty: Does the Gospel Make Sense?,"Does the Christian gospel's account of sin, atonement, and salvation make moral and explanatory sense?",earlier,pro,"Scripture, revelation & doctrine",True,one published theistic/religious side and one published non-theistic/skeptical side,18
143,vela-dillahunty-transcendental-evidence-god-2020,Tyler Vela vs Matt Dillahunty: Is There Good Evidence for God?,Do laws of logic and other transcendental facts provide good evidence for a necessary personal God?,earlier,pro,"Mind, reason & logic",True,one published theistic/religious side and one published non-theistic/skeptical side,8
144,plantinga-dennett-evolution-naturalism-2018,"Alvin Plantinga vs Daniel Dennett: Science, Religion, and Evolution","Are evolutionary science and theistic religion compatible, and does naturalism plus evolution undercut trust in human cognition?",earlier,pro,"Cosmology, science & design",True,one published theistic/religious side and one published non-theistic/skeptical side,1
145,dennett-dsouza-god-human-invention-2007,Daniel Dennett vs Dinesh D'Souza: Is God a Human Invention?,"Is God a human invention, or do cosmological fine-tuning, morality, consciousness, and religious experience provide rational support for a real divine creator?",earlier,con,"Religion, culture & meaning",False,one published theistic/religious side and one published non-theistic/skeptical side,5
146,harris-dennett-free-will-2018,Sam Harris vs Daniel Dennett: Does Free Will Exist?,"Does determinism or indeterminism undermine free will and moral responsibility, or can reasons-responsive agency provide a compatibilist form of freedom worth preserving?",earlier,,,False,no position-level theist-vs-non-theist comparison,
147,dennett-clayton-naturalism-ultimate-reality-2012,Daniel Dennett vs Philip Clayton: Naturalism and Ultimate Reality,"Does naturalism fully explain mind, intentionality, morality, and reality, or does a religious account of ultimate reality offer an additional explanatory framework?",earlier,con,"Mind, reason & logic",True,one published theistic/religious side and one published non-theistic/skeptical side,3
148,baggett-dillahunty-moral-argument-2018,David Baggett vs Matt Dillahunty: The Moral Argument for God,"Do objective moral facts, moral knowledge, moral transformation, and moral rationality make theism a better explanation than secular ethical theories?",earlier,pro,Morality & moral foundations,True,one published theistic/religious side and one published non-theistic/skeptical side,1
149,alexander-moody-carroll-novella-death-2014,Eben Alexander and Raymond Moody vs Sean Carroll and Steven Novella: Is Death Final?,"Does consciousness survive bodily death, or are near-death experiences and reports of apparent contact with the dead better explained as brain-based and psychological phenomena?",unlocked,,,False,Multi-speaker or non-comparable scoring format,
150,licona-dillahunty-resurrection-evidence-2017,Mike Licona vs Matt Dillahunty: Was Jesus Raised from the Dead?,"Did Jesus rise from the dead, and can historical evidence plus allegedly supernatural phenomena justify that conclusion?",earlier,pro,Resurrection & historical evidence,True,one published theistic/religious side and one published non-theistic/skeptical side,9
151,wood-dillahunty-god-secular-humanism-2020,David Wood vs Matt Dillahunty: God or Secular Humanism?,Which gives a better foundation for ethics: God or secular humanism?,earlier,pro,Morality & moral foundations,True,one published theistic/religious side and one published non-theistic/skeptical side,5
152,knechtle-aron-ra-god-existence-2023,Stuart Knechtle vs Aron Ra: Does God Exist?,"Does God exist, and do design, morality, logic, and experience support that conclusion?",earlier,pro,General theism & naturalism,True,one published theistic/religious side and one published non-theistic/skeptical side,7
153,oconnor-carter-free-will-determinism-2024,Alex O'Connor vs Dr Alex Carter: Free Will and Determinism,"Do determinism and unchosen desires eliminate free will, or can determined agents be free when acting voluntarily and without coercion?",earlier,,,False,no position-level theist-vs-non-theist comparison,
154,koukl-oconnor-kanojia-nonbelief-harm-2025,"Greg Koukl, Alex O'Connor, and Alok Kanojia: Does Nonbelief Cause More Harm Than Good?","Does nonbelief leave people without the purpose and moral grounding needed to flourish, or can secular and spiritual practices sustain meaningful lives without Christian theism?",unlocked,,,False,Multi-speaker or non-comparable scoring format,
155,turek-shermer-morality-god-science-2015,Frank Turek vs Michael Shermer: Is Morality Better Explained by God or Science?,"Is objective morality better explained by God as its personal ground, or by science, evolution, and human flourishing?",earlier,pro,Morality & moral foundations,True,one published theistic/religious side and one published non-theistic/skeptical side,3
156,harris-prager-religion-morality-public-reason-2014,"Sam Harris vs Dennis Prager: Religion, Morality, and Public Reason","Does religious belief better ground moral knowledge and identify social evil, or can secular ethical realism guide moral progress without sacred texts?",earlier,pro,Morality & moral foundations,True,one published theistic/religious side and one published non-theistic/skeptical side,11
157,dillahunty-howitt-christianity-true-2023,Matt Dillahunty vs Lewis Howitt: Is Christianity True?,"Is Christianity true, and do the grounding of logic, a necessary cause, divine hiddenness, and the relation of reason to revelation support or undermine it?",earlier,pro,"Scripture, revelation & doctrine",True,one published theistic/religious side and one published non-theistic/skeptical side,17
158,dillahunty-mclatchie-resurrection-evidence-2020,Matt Dillahunty vs Jonathan McLatchie: Is There Strong Evidence for the Resurrection?,"Is there strong historical evidence that Jesus rose from the dead, or are the surviving Christian reports too indirect and insufficiently testable to establish a resurrection?",earlier,pro,Resurrection & historical evidence,True,one published theistic/religious side and one published non-theistic/skeptical side,5
159,wood-aron-ra-naturalism-2023,David Wood vs Aron Ra: Is Naturalism True?,"Is naturalism true, or does an evolutionary naturalist account of human cognition undermine the rational confidence required to affirm naturalism?",earlier,,,False,"religion-adjacent, but no explicit theist-vs-non-theist side comparison",
160,pinker-douthat-do-we-need-god-2026,Steven Pinker vs Ross Douthat: Do We Need God?,"Are people and societies better off with belief in God, or can secular reason and institutions provide morality, purpose, and social cooperation more effectively?",earlier,pro,Morality & moral foundations,False,one published theistic/religious side and one published non-theistic/skeptical side,5
161,craig-millican-does-god-exist-2011,William Lane Craig vs Peter Millican: Does God Exist?,"Does the evidence from cosmology, fine-tuning, morality, Jesus' resurrection, and religious experience make Christian theism more reasonable than skeptical atheism?",earlier,pro,General theism & naturalism,True,one published theistic/religious side and one published non-theistic/skeptical side,12
162,craig-kagan-god-morality-2009,William Lane Craig vs Shelly Kagan: Is God Necessary for Morality?,"Is God necessary for objective moral values, duties, human significance, and accountability, or can a secular moral realism provide an adequate foundation?",earlier,pro,Morality & moral foundations,True,one published theistic/religious side and one published non-theistic/skeptical side,9
163,craig-draper-existence-of-god-1997,William Lane Craig vs Paul Draper: The Existence of God,"Does the total evidence concerning the universe, life, morality, Jesus, religious experience, suffering, and hiddenness favor theism over naturalism?",earlier,pro,General theism & naturalism,True,one published theistic/religious side and one published non-theistic/skeptical side,7
164,craig-wielenberg-god-morality-2018,William Lane Craig vs Erik Wielenberg: God and Morality,What is the best account of objective moral values and duties: the nature and commands of God or godless normative realism?,earlier,pro,Morality & moral foundations,True,one published theistic/religious side and one published non-theistic/skeptical side,4
165,craig-rosenberg-faith-god-reasonable-2013,William Lane Craig vs Alex Rosenberg: Is Faith in God Reasonable?,Is belief in the personal God of classical theism intellectually reasonable?,earlier,pro,General theism & naturalism,True,one published theistic/religious side and one published non-theistic/skeptical side,-5
166,craig-atkins-does-god-exist-2011,William Lane Craig vs Peter Atkins: Does God Exist?,Does God exist as the transcendent personal cause and moral foundation of reality?,earlier,pro,General theism & naturalism,True,one published theistic/religious side and one published non-theistic/skeptical side,-10
167,craig-shook-existence-god-2008,William Lane Craig vs John Shook: The Existence of God,"Does the available philosophical, scientific, moral, historical, and experiential evidence support God's existence?",earlier,pro,General theism & naturalism,True,one published theistic/religious side and one published non-theistic/skeptical side,7
168,craig-krauss-evidence-god-2012,William Lane Craig vs Lawrence Krauss: Is There Evidence for God?,"Does the greater weight of philosophical, scientific, moral, and historical evidence support God's existence?",earlier,pro,"Cosmology, science & design",True,one published theistic/religious side and one published non-theistic/skeptical side,-2
169,lennox-krauss-universe-god-question-2013,"John Lennox vs Lawrence Krauss: Science, the Universe, and the God Question","Do modern cosmology, fine-tuning, and the universe's existence support a divine mind or a self-contained natural account?",earlier,pro,"Cosmology, science & design",True,one published theistic/religious side and one published non-theistic/skeptical side,8
170,singer-lennox-is-there-god-2011,Peter Singer vs John Lennox: Is There a God?,"Given science, human rationality, morality, suffering, and the historical claims about Jesus, is belief in the biblical God rational?",earlier,pro,General theism & naturalism,True,one published theistic/religious side and one published non-theistic/skeptical side,11
171,hitchens-blair-religion-force-good-2010,Christopher Hitchens vs Tony Blair: Is Religion a Force for Good in the World?,"On balance, is religion a force for good in the world?",earlier,pro,"Religion, culture & meaning",False,one published theistic/religious side and one published non-theistic/skeptical side,2
172,hitchens-mcgrath-religious-belief-2007,Christopher Hitchens vs Alister McGrath: Poison or Cure? Religious Belief in the Modern World,"Is religious belief in the modern world intellectually credible and morally constructive, or is it an evidentially unsupported source of coercion and harm?",earlier,pro,"Religion, culture & meaning",False,one published theistic/religious side and one published non-theistic/skeptical side,0
173,onaiyekan-widdecombe-fry-hitchens-catholic-church-force-good-2009,John Onaiyekan & Ann Widdecombe vs Stephen Fry & Christopher Hitchens: The Catholic Church Is a Force for Good in the World,"Is the Catholic Church, considered as an institution and global social force, a force for good in the world?",unlocked,,,False,Multi-speaker or non-comparable scoring format,
174,dawkins-williams-kenny-humanity-ultimate-origins-2012,"Richard Dawkins, Rowan Williams & Anthony Kenny: Humanity's Ultimate Origins","Can the nature and ultimate origins of human beings be explained by evolutionary naturalism, or does a theistic account add indispensable explanation?",unlocked,,,False,Multi-speaker or non-comparable scoring format,
175,oppy-pearce-is-there-a-god-2022,Graham Oppy vs Kenny Pearce: Is There a God?,Does theism offer a better overall explanation of reality than naturalism?,earlier,pro,General theism & naturalism,True,one published theistic/religious side and one published non-theistic/skeptical side,4
176,ehrman-peter-williams-gospels-historically-reliable-2018,Bart Ehrman vs Peter J. Williams: Are the Gospels Historically Reliable?,"Are the canonical Gospels historically reliable accounts of Jesus' life, teaching, death, and resurrection?",earlier,pro,"Scripture, revelation & doctrine",False,one published theistic/religious side and one published non-theistic/skeptical side,3
177,ehrman-wallace-trust-text-new-testament-2011,Bart Ehrman vs Daniel B. Wallace: Can We Trust the Text of the New Testament?,Can textual criticism recover the wording of the original New Testament with enough confidence for the text to be trusted?,earlier,pro,"Scripture, revelation & doctrine",False,one published theistic/religious side and one published non-theistic/skeptical side,5
178,ehrman-licona-who-wrote-gospels-2025,Bart Ehrman vs Michael Licona: Who Wrote the Gospels?,"Were the canonical Gospels written by, or under the authority of, Matthew, Mark, Luke, and John?",earlier,pro,"Scripture, revelation & doctrine",False,one published theistic/religious side and one published non-theistic/skeptical side,6
179,craig-ehrman-historical-evidence-resurrection-2006,William Lane Craig vs Bart Ehrman: Is There Historical Evidence for the Resurrection?,Does the historical evidence make Jesus' bodily resurrection the best explanation of what followed his crucifixion?,earlier,pro,Resurrection & historical evidence,True,one published theistic/religious side and one published non-theistic/skeptical side,-1
180,ally-licona-did-jesus-rise-dead-2004,Shabir Ally vs Michael Licona: Did Jesus Rise from the Dead?,Does the historical evidence establish that Jesus physically rose from the dead?,earlier,,,False,both published sides are theistic/religious,
181,habermas-flew-did-jesus-rise-dead-2000,Gary Habermas vs Antony Flew: Did Jesus Rise from the Dead?,Does the historical evidence make Jesus' bodily resurrection a rational conclusion?,earlier,pro,Resurrection & historical evidence,True,one published theistic/religious side and one published non-theistic/skeptical side,-1
182,white-ally-sin-salvation-quran-bible-2013,James White vs Shabir Ally: Sin and Salvation in the Qur'an and the Bible,Which account of sin and salvation—the Qur'an's direct forgiveness and moral accounting or the Bible's grace through Christ's atonement—is more coherent and scripturally grounded?,earlier,,,False,both published sides are theistic/religious,
183,enoch-clarke-doane-moral-realism-objectivity-2026,David Enoch vs Justin Clarke-Doane: Moral Realism and Objectivity,Can stance-independent moral facts genuinely vindicate normative objectivity by settling what agents should do?,earlier,,,False,no position-level theist-vs-non-theist comparison,
184,enoch-sampson-loeb-lutz-moral-realism-2024,David Enoch & Eric Sampson vs Don Loeb & Matthew Lutz: Is Moral Realism True?,Are there stance-independent moral facts that people can know and that supply genuinely categorical reasons for action?,unlocked,,,False,Multi-speaker or non-comparable scoring format,
185,dennett-caruso-free-will-responsibility-2021,Daniel Dennett vs Gregg Caruso: Free Will and Moral Responsibility,"Does the natural human capacity for reasons-responsive control justify free will, moral desert, and responsibility practices?",earlier,,,False,no position-level theist-vs-non-theist comparison,
186,huemer-sapolsky-free-will-determinism-2024,Michael Huemer vs Robert Sapolsky: Does Free Will Exist—and Does It Matter?,"Do people sometimes control which of multiple genuinely available actions occurs, and does that freedom justify responsibility?",earlier,,,False,no position-level theist-vs-non-theist comparison,
187,ward-dennett-more-than-matter-2019,Keith Ward vs Daniel Dennett: Are We More Than Matter?,"Are consciousness, personal identity, purpose, value, and free agency irreducible to the physical world?",earlier,,,False,"religion-adjacent, but no explicit theist-vs-non-theist side comparison",
188,kastrup-blackmore-consciousness-idealism-2023,Bernardo Kastrup vs Susan Blackmore: What Is Consciousness?,Is consciousness the ontological foundation of reality rather than an emergent property of matter?,earlier,,,False,no position-level theist-vs-non-theist comparison,
189,tour-cronin-origin-of-life-2020,James Tour vs Lee Cronin: Are We Close to Discovering the Origin of Life?,Does current origin-of-life research substantially overstate how close it is to explaining the emergence of life?,earlier,,,False,no position-level theist-vs-non-theist comparison,
190,huemer-oppy-souls-personal-identity-2022,Michael Huemer vs Graham Oppy: Do Souls Exist?,Do conscious persons possess nonphysical mental substances that can survive bodily death?,earlier,,,False,no position-level theist-vs-non-theist comparison,
191,ruse-rana-origin-life-evolution-design-2013,Michael Ruse vs Fuz Rana: Evolution or Design at Life's Origin?,Are natural processes sufficient to explain the origin of life and the complexity of the cell?,earlier,con,"Cosmology, science & design",True,one published theistic/religious side and one published non-theistic/skeptical side,1
192,tour-swamidass-origin-life-chemistry-2020,James Tour vs S. Joshua Swamidass: How Close Is Origin-of-Life Science?,Has science come meaningfully close to explaining how life first arose from nonliving chemistry?,earlier,,,False,no position-level theist-vs-non-theist comparison,
193,crossan-licona-historical-jesus-2018,John Dominic Crossan vs Michael Licona: Who Was the Historical Jesus?,"What can historians verify about Jesus, and do the sources support his divine identity and bodily resurrection?",earlier,,,False,both published sides are theistic/religious,
194,swinburne-millican-does-god-exist-2022,Richard Swinburne vs Peter Millican: Does God Exist?,Is God the simplest and most probable explanation of the universe and its general features?,earlier,pro,General theism & naturalism,True,one published theistic/religious side and one published non-theistic/skeptical side,7
195,russell-copleston-existence-of-god-1948,Bertrand Russell vs Frederick Copleston: Does God Exist?,"Can God's existence be established through contingency, religious experience, or moral obligation?",earlier,pro,General theism & naturalism,True,one published theistic/religious side and one published non-theistic/skeptical side,2
196,huemer-rasmussen-god-existence-2026,Michael Huemer vs Joshua Rasmussen: Does God Exist?,Does God exist?,later,pro,General theism & naturalism,True,one published theistic/religious side and one published non-theistic/skeptical side,2
197,mcgilchrist-seth-consciousness-god-2026,Iain McGilchrist vs Anil Seth: Does Consciousness Point to God?,Does consciousness fundamentally pervade reality and point toward God?,later,pro,"Mind, reason & logic",True,one published theistic/religious side and one published non-theistic/skeptical side,9
198,ferrer-dillahunty-god-morality-2018,John Ferrer vs Matt Dillahunty: Do We Need God for Morality?,Do we need God for morality?,later,pro,Morality & moral foundations,True,one published theistic/religious side and one published non-theistic/skeptical side,16
199,crummett-watkins-soul-existence-2020,Dustin Crummett vs Ben Watkins: Does the Soul Exist?,Does the soul exist?,later,,,False,"religion-adjacent, but no explicit theist-vs-non-theist side comparison",
200,craig-stenger-god-existence-2010,William Lane Craig vs Victor Stenger: Does God Exist?,Does God exist?,later,pro,General theism & naturalism,True,one published theistic/religious side and one published non-theistic/skeptical side,-7
201,hernandez-dillahunty-soul-existence-2015,Does the Soul Exist? Eric Hernandez vs. Matt Dillahunty,Does the soul exist?,later,,,False,"religion-adjacent, but no explicit theist-vs-non-theist side comparison",
202,dawkins-lennox-god-delusion-2007,Is Belief in God a Delusion? Richard Dawkins vs. John Lennox,Is belief in the Christian God a delusion?,later,con,General theism & naturalism,True,one published theistic/religious side and one published non-theistic/skeptical side,4
203,craig-flew-god-existence-1998,Does God Exist? William Lane Craig vs. Antony Flew,Does God exist?,later,pro,General theism & naturalism,True,one published theistic/religious side and one published non-theistic/skeptical side,3
204,singer-dsouza-morality-without-god-2008,Can There Be Morality Without God? Dinesh D'Souza vs. Peter Singer,Can there be morality without God?,later,pro,Morality & moral foundations,True,one published theistic/religious side and one published non-theistic/skeptical side,10
205,horn-watkins-god-existence-2021,Does God Exist? Trent Horn vs. Ben Watkins,Does God exist?,later,pro,General theism & naturalism,True,one published theistic/religious side and one published non-theistic/skeptical side,4
206,williams-dawkins-god-science-reality-2026,"God, Science and the Poetry of Reality: Rowan Williams vs. Richard Dawkins",What best explains the poetry of reality: God or science?,later,pro,"Cosmology, science & design",True,one published theistic/religious side and one published non-theistic/skeptical side,1
207,peterson-dawkins-memes-archetypes-truth-2024,"Memes, Archetypes, and Religious Truth: Jordan Peterson vs. Richard Dawkins",Do archetypes and religious narratives convey truths that factual naturalism misses?,later,pro,"Religion, culture & meaning",False,one published theistic/religious side and one published non-theistic/skeptical side,12
208,vela-jones-divine-hiddenness-christian-love-2023,Divine Hiddenness and Christian Love: Tyler Vela vs. Michael Jones,Is divine hiddenness compatible with Christianity’s claim that God is perfectly loving?,later,,,False,both published sides are theistic/religious,
209,oconnor-ruegger-divine-hiddenness-loving-god-2022,Divine Hiddenness and a Loving God: Alex O'Connor vs. Lukas Ruegger,Does divine hiddenness make the existence of a perfectly loving God unlikely?,later,con,"Evil, suffering & hiddenness",True,one published theistic/religious side and one published non-theistic/skeptical side,10
210,paterson-schmid-divine-hiddenness-relationship-2026,Divine Hiddenness and Religious Evidence: Joe Schmid vs. Dan Paterson,Does divine hiddenness provide significant evidence against a perfectly loving God?,later,con,"Evil, suffering & hiddenness",True,one published theistic/religious side and one published non-theistic/skeptical side,5
211,baggini-baker-hytch-divine-hiddenness-2025,Divine Hiddenness and Evidential Ambiguity: Julian Baggini vs. Max Baker-Hytch,Does divine hiddenness provide good evidence against God's existence?,later,con,"Evil, suffering & hiddenness",True,one published theistic/religious side and one published non-theistic/skeptical side,-2
212,craig-carrier-resurrection-2009,Resurrection Evidence and Naturalistic Alternatives: William Lane Craig vs. Richard Carrier,Did Jesus rise from the dead?,later,pro,Resurrection & historical evidence,True,one published theistic/religious side and one published non-theistic/skeptical side,0
213,peterson-zizek-capitalism-marxism-happiness-2019,"Capitalism, Marxism, and Human Happiness: Jordan Peterson vs. Slavoj Žižek",Does capitalism provide a greater opportunity for human happiness than Marxism?,later,,,False,no position-level theist-vs-non-theist comparison,
214,pageau-woodford-metaphorical-truth-2020,Metaphorical Truth and Religious Patterns: Jonathan Pageau vs. Stephen Woodford,Do religious patterns disclose enduring truths that should guide contemporary life?,later,pro,"Religion, culture & meaning",False,one published theistic/religious side and one published non-theistic/skeptical side,4
215,horn-oconnor-christian-belief-2022,Why Be a Christian? Trent Horn vs. Alex O'Connor,Does the available evidence warrant Christian belief?,later,pro,"Scripture, revelation & doctrine",True,one published theistic/religious side and one published non-theistic/skeptical side,10
216,harris-wolpe-religion-science-2007,"Religion, Science, and Meaning: Sam Harris vs. David Wolpe",Does religion provide justified knowledge and meaning beyond science?,later,pro,"Religion, culture & meaning",False,one published theistic/religious side and one published non-theistic/skeptical side,15
217,douthat-oconnor-religious-belief-obligation-2026,Religious Belief as an Obligation: Ross Douthat vs. Alex O'Connor,Does the available evidence make religious belief an obligation?,later,pro,"Religion, culture & meaning",False,one published theistic/religious side and one published non-theistic/skeptical side,15
218,mcgrath-oconnor-new-atheism-failure-2023,Has New Atheism Failed? Alister McGrath vs. Alex O'Connor,Has New Atheism failed?,later,pro,"Religion, culture & meaning",False,one published theistic/religious side and one published non-theistic/skeptical side,10
219,shermer-mcgrath-god-imagination-2017,Is God a Figment of Our Imagination? Michael Shermer vs. Alister McGrath,Is God a figment of our imagination?,later,con,General theism & naturalism,True,one published theistic/religious side and one published non-theistic/skeptical side,5
220,hirsi-ali-oconnor-christian-conversion-2024,Does Christian Conversion Establish Truth? Ayaan Hirsi Ali vs. Alex O'Connor,Do personal transformation and Christianity's cultural value justify belief that Christianity is true?,later,pro,"Scripture, revelation & doctrine",True,one published theistic/religious side and one published non-theistic/skeptical side,12
221,huemer-loeb-moral-realism-2022,Is Moral Realism Better Supported? Michael Huemer vs. Don Loeb,Is stance-independent moral realism better supported than moral anti-realism?,later,,,False,no position-level theist-vs-non-theist comparison,
222,lennox-shermer-god-existence-2008,Does God Exist? John Lennox vs. Michael Shermer,Does God exist?,later,pro,General theism & naturalism,True,one published theistic/religious side and one published non-theistic/skeptical side,5
223,collins-dawkins-science-belief-god-2022,Science and Belief in God: Francis Collins vs. Richard Dawkins,Does scientific understanding leave rational grounds for belief in God?,later,pro,"Cosmology, science & design",True,one published theistic/religious side and one published non-theistic/skeptical side,7
224,hossenfelder-kastrup-superdeterminism-2022,Is Superdeterminism Scientifically Justified? Sabine Hossenfelder vs. Bernardo Kastrup,Does superdeterminism provide a scientifically justified route to resolving quantum mechanics’ measurement problem?,later,,,False,no position-level theist-vs-non-theist comparison,
225,kastrup-jump-analytic-idealism-materialism-2023,Does Analytic Idealism Explain Consciousness Better? Bernardo Kastrup vs. Tom Jump,Does analytic idealism explain consciousness and reality better than materialism?,later,,,False,no position-level theist-vs-non-theist comparison,
226,horn-white-purgatory-2024,Is the Doctrine of Purgatory True? Trent Horn vs. James White,Is the doctrine of purgatory true?,later,,,False,both published sides are theistic/religious,
227,oldfield-marriott-meaning-without-god-2026,Is God the Answer to Our Meaning Crisis? Elizabeth Oldfield vs. James Marriott,Is life's meaning ultimately grounded in God or humanly generated within a meaningless universe?,later,pro,"Religion, culture & meaning",False,Religious purpose versus secular meaning,3
228,ehrman-evans-new-testament-misquote-jesus-2010,Does the New Testament Misquote Jesus? Bart Ehrman vs. Craig Evans,Does the New Testament misquote Jesus?,later,con,"Scripture, revelation & doctrine",False,Religious reliability defense versus skeptical history,2
229,evans-carrier-did-jesus-exist-2016,Did Jesus Exist? Craig Evans vs. Richard Carrier,Did Jesus exist?,later,,,False,A historical Jesus does not imply a divine Jesus,
230,kastrup-oppy-idealism-naturalism-2021,Does Analytic Idealism Better Explain Reality? Bernardo Kastrup vs. Graham Oppy,Does analytic idealism better explain reality than scientific naturalism?,later,,,False,Idealism versus naturalism does not itself establish a God contrast,
231,hernandez-aron-ra-soul-existence-2020,Does the Soul Exist? Eric Hernandez vs. Aron Ra,Does the soul exist?,later,,,False,A nonphysical soul does not itself imply God; consistent with exclusions 190/201,
232,goff-oppy-finite-theism-naturalism-2026,Philip Goff vs Graham Oppy: Is Finite Theism Preferable to Naturalism?,Is finite theism preferable to naturalism?,later,pro,General theism & naturalism,True,Finite theism versus naturalism,0
233,dawkins-mcgrath-christianity-reason-evidence-2006,Richard Dawkins vs Alister McGrath: Is Christianity Rational?,Is Christianity a rational explanation of reality?,later,pro,General theism & naturalism,True,Christianity as a rational worldview versus naturalistic atheism,11
234,mcgilchrist-kastrup-consciousness-purpose-2025,"Iain McGilchrist vs Bernardo Kastrup: Consciousness, God, Truth, and Purpose","Does a participatory, value-directed account better explain consciousness and cosmic purpose than analytic idealism's perspectival account?",later,,,False,Two nonstandard mind-first views; no clean religious-versus-skeptical contrast,
235,hernandez-jump-soul-free-will-consciousness-2019,"Eric Hernandez vs Tom Jump: Free Will, Consciousness, and the Existence of the Soul",Does a nonphysical human soul exist?,later,,,False,"Soul existence alone is religion-adjacent, not a theism contrast",
236,bush-sampson-moral-realism-2022,Eric Sampson vs Lance Bush: Is Moral Realism True?,Is moral realism true?,later,,,False,Moral realism versus anti-realism is not theism versus atheism,
237,licona-ehrman-historians-prove-resurrection-2008,Michael Licona vs Bart Ehrman: Can Historians Prove the Resurrection?,Can historians prove that Jesus rose from the dead?,later,pro,Resurrection & historical evidence,True,Resurrection defense versus skeptical historical method,1
238,knechtle-dillahunty-christianity-rational-2023,Stuart Knechtle vs Matt Dillahunty: Is Christianity Rational?,Is Christianity rational?,later,pro,General theism & naturalism,True,Christian rationality versus skeptical challenge,14
239,harris-peterson-religious-narrative-morality-2018,Jordan Peterson vs Sam Harris: Can Religious Narratives Ground Morality and Meaning?,Can religious narratives provide truthful and necessary foundations for morality and meaning?,later,pro,"Religion, culture & meaning",False,Religious narrative necessity versus secular alternatives,6
240,swinburne-goff-cosmic-purpose-god-2023,Richard Swinburne vs Philip Goff: What Best Explains Cosmic Purpose?,What best explains apparent cosmic purpose: an omnipotent God or a nontraditional purposeful cosmos?,later,,,False,Both sides defend cosmic purpose; alternatives include a limited designer,
241,ward-law-god-existence-2015,Keith Ward vs Stephen Law: Does God Exist?,Does God exist?,later,pro,General theism & naturalism,True,Mind-like spiritual God versus evidential skepticism,15
242,white-crossan-biblical-jesus-historicity-2005,James White vs John Dominic Crossan: Is the Bible True?,Is the orthodox biblical account of Jesus of Nazareth authentic and historically accurate?,later,,,False,Two religious readings of Jesus; consistent with Borg/Crossan exclusions,
243,aron-ra-slick-christianity-2014,Matt Slick vs Aron Ra: Is Christianity True?,Is Christianity true?,later,pro,General theism & naturalism,True,Christian truth versus evidential challenge,0
244,jones-schmid-contingency-god-2022,Michael Jones vs Joseph Schmid: Does the Contingency Argument Support God?,Does the contingency argument provide good reason to believe that the necessary foundation of reality is God?,later,pro,"Cosmology, science & design",True,Necessary divine mind versus insufficient identification,14
245,goff-folley-consciousness-mysticism-fine-tuning-2026,"Philip Goff vs Joe Folley: Consciousness, Mystical Experience, and Fine-Tuning","Do consciousness, mystical experience, and fine-tuning support a panpsychist and theistic interpretation of reality?",later,pro,"Mind, reason & logic",True,Explicit nontraditional theism versus skeptical objections,5
246,pine-schmid-divine-simplicity-2021,Gregory Pine vs Joseph Schmid: Is Divine Simplicity True?,Is divine simplicity true?,later,pro,"Scripture, revelation & doctrine",False,Classical-theist doctrine versus agnostic criticism; broad-set only,12
247,folley-scrivener-good-without-god-2025,Joe Folley vs Glen Scrivener: Goodness Without God,Can we be good without God?,later,con,Morality & moral foundations,True,God-independent goodness versus foundation in Christ,9
248,tomaszewski-schmid-classical-theism-monotheism-2020,Christopher Tomaszewski vs Joe Schmid: Classical Theism and Monotheism,"Does Thomistic classical theism adequately account for abstract objects, divine uniqueness, and relations to creation?",later,pro,"Scripture, revelation & doctrine",False,Classical-theist explanation versus agnostic criticism; broad-set only,3
249,adelstein-bush-moral-realism-2021,Matthew Adelstein vs Lance Bush: Moral Realism,Are there stance-independent moral facts?,later,,,False,Stance-independent morality is not equivalent to theism,
250,anderson-jump-logic-belief-god-2020,James Anderson vs Tom Jump: Logic and Belief in God,Is there reason to believe in God?,later,pro,"Mind, reason & logic",True,Theistic versus naturalistic explanation of logic,-5
251,oconnor-baker-hytch-evil-god-challenge-2021,Alex O'Connor vs Max Baker-Hytch: Could God Be Evil?,Does the evil-god challenge undermine belief in a wholly good God?,later,con,"Evil, suffering & hiddenness",True,Evil-God challenge versus divine-goodness defense,1
252,jones-oconnor-evil-suffering-2020,Michael Jones vs Alex O'Connor: Would a loving God allow the evil and suffering found in our world?,Would a loving God allow the evil and suffering found in our world?,later,pro,"Evil, suffering & hiddenness",True,Christian permission-of-evil defense versus suffering challenge,11
253,clifton-sechler-divine-hiddenness-hell-2022,Zac Sechler vs Scott Clifton: Is Christian belief in a loving God plausible despite divine hiddenness and the prospect of hell?,Is Christian belief in a loving God plausible despite divine hiddenness and the prospect of hell?,later,pro,"Evil, suffering & hiddenness",True,Christian plausibility versus hiddenness and hell challenge,11
