number,theist_count,theist_moves,theist_share,non_theist_count,non_theist_moves,non_theist_share,difference
01,3,9,0.3333333333333333,0,9,0.0,0.3333333333333333
02,1,9,0.1111111111111111,0,12,0.0,0.1111111111111111
03,4,9,0.4444444444444444,0,10,0.0,0.4444444444444444
05,10,10,1.0,0,10,0.0,1.0
06,3,10,0.3,0,9,0.0,0.3
07,1,10,0.1,0,10,0.0,0.1
08,4,10,0.4,0,10,0.0,0.4
09,3,10,0.3,0,10,0.0,0.3
10,3,10,0.3,2,10,0.2,0.09999999999999998
11,4,9,0.4444444444444444,0,8,0.0,0.4444444444444444
12,1,8,0.125,3,10,0.3,-0.175
13,1,5,0.2,0,7,0.0,0.2
14,7,9,0.7777777777777778,5,9,0.5555555555555556,0.2222222222222222
15,4,11,0.36363636363636365,2,12,0.16666666666666666,0.196969696969697
16,6,9,0.6666666666666666,2,8,0.25,0.41666666666666663
17,0,10,0.0,0,10,0.0,0.0
20,4,9,0.4444444444444444,2,12,0.16666666666666666,0.2777777777777778
21,3,10,0.3,0,9,0.0,0.3
22,5,9,0.5555555555555556,3,10,0.3,0.2555555555555556
24,1,10,0.1,3,10,0.3,-0.19999999999999998
25,0,10,0.0,1,10,0.1,-0.1
26,4,9,0.4444444444444444,1,10,0.1,0.34444444444444444
27,5,10,0.5,0,9,0.0,0.5
28,8,12,0.6666666666666666,1,12,0.08333333333333333,0.5833333333333333
29,4,10,0.4,1,9,0.1111111111111111,0.2888888888888889
30,7,11,0.6363636363636364,0,12,0.0,0.6363636363636364
31,0,8,0.0,0,6,0.0,0.0
33,0,10,0.0,0,10,0.0,0.0
36,0,10,0.0,0,9,0.0,0.0
37,3,9,0.3333333333333333,0,9,0.0,0.3333333333333333
39,0,12,0.0,0,11,0.0,0.0
42,0,8,0.0,0,7,0.0,0.0
43,4,9,0.4444444444444444,0,10,0.0,0.4444444444444444
46,6,9,0.6666666666666666,0,9,0.0,0.6666666666666666
47,3,10,0.3,6,10,0.6,-0.3
48,2,7,0.2857142857142857,0,8,0.0,0.2857142857142857
49,3,12,0.25,0,12,0.0,0.25
50,4,10,0.4,0,9,0.0,0.4
51,2,10,0.2,5,10,0.5,-0.3
52,2,11,0.18181818181818182,1,12,0.08333333333333333,0.0984848484848485
53,3,10,0.3,0,10,0.0,0.3
54,6,10,0.6,1,10,0.1,0.5
55,2,8,0.25,0,9,0.0,0.25
57,4,10,0.4,0,10,0.0,0.4
58,2,9,0.2222222222222222,1,10,0.1,0.1222222222222222
59,7,10,0.7,0,10,0.0,0.7
60,1,10,0.1,0,10,0.0,0.1
61,5,10,0.5,0,10,0.0,0.5
62,4,10,0.4,0,10,0.0,0.4
63,7,12,0.5833333333333334,0,10,0.0,0.5833333333333334
64,1,8,0.125,0,9,0.0,0.125
65,3,7,0.42857142857142855,1,9,0.1111111111111111,0.31746031746031744
66,0,8,0.0,0,10,0.0,0.0
67,6,10,0.6,0,10,0.0,0.6
68,5,6,0.8333333333333334,0,6,0.0,0.8333333333333334
69,3,12,0.25,1,12,0.08333333333333333,0.16666666666666669
70,0,8,0.0,0,10,0.0,0.0
72,5,10,0.5,0,8,0.0,0.5
74,0,10,0.0,0,10,0.0,0.0
75,0,10,0.0,0,9,0.0,0.0
76,2,11,0.18181818181818182,0,9,0.0,0.18181818181818182
77,0,8,0.0,0,10,0.0,0.0
78,2,8,0.25,0,9,0.0,0.25
79,3,9,0.3333333333333333,0,9,0.0,0.3333333333333333
80,0,10,0.0,0,9,0.0,0.0
81,0,10,0.0,0,10,0.0,0.0
83,5,10,0.5,1,10,0.1,0.4
85,0,10,0.0,5,8,0.625,-0.625
86,7,10,0.7,0,10,0.0,0.7
87,2,9,0.2222222222222222,1,10,0.1,0.1222222222222222
88,0,10,0.0,3,10,0.3,-0.3
89,1,9,0.1111111111111111,0,8,0.0,0.1111111111111111
90,1,9,0.1111111111111111,0,10,0.0,0.1111111111111111
91,0,10,0.0,2,8,0.25,-0.25
92,3,10,0.3,0,10,0.0,0.3
93,5,10,0.5,0,10,0.0,0.5
94,2,10,0.2,1,7,0.14285714285714285,0.05714285714285716
97,4,9,0.4444444444444444,0,9,0.0,0.4444444444444444
98,0,9,0.0,0,10,0.0,0.0
99,5,10,0.5,4,10,0.4,0.09999999999999998
100,6,10,0.6,0,9,0.0,0.6
101,4,11,0.36363636363636365,2,10,0.2,0.16363636363636364
102,2,10,0.2,2,9,0.2222222222222222,-0.0222222222222222
103,3,8,0.375,0,9,0.0,0.375
104,0,9,0.0,0,9,0.0,0.0
106,6,9,0.6666666666666666,0,8,0.0,0.6666666666666666
107,1,8,0.125,1,8,0.125,0.0
108,1,8,0.125,1,8,0.125,0.0
109,2,9,0.2222222222222222,0,10,0.0,0.2222222222222222
112,2,11,0.18181818181818182,2,9,0.2222222222222222,-0.04040404040404039
113,0,9,0.0,3,8,0.375,-0.375
114,1,8,0.125,0,10,0.0,0.125
116,2,8,0.25,1,11,0.09090909090909091,0.1590909090909091
117,2,10,0.2,1,10,0.1,0.1
118,5,8,0.625,2,11,0.18181818181818182,0.4431818181818182
119,2,10,0.2,0,9,0.0,0.2
120,0,10,0.0,0,9,0.0,0.0
121,2,9,0.2222222222222222,0,9,0.0,0.2222222222222222
122,4,10,0.4,0,8,0.0,0.4
123,3,10,0.3,0,10,0.0,0.3
124,1,12,0.08333333333333333,1,12,0.08333333333333333,0.0
126,1,9,0.1111111111111111,0,9,0.0,0.1111111111111111
127,7,12,0.5833333333333334,0,11,0.0,0.5833333333333334
128,1,10,0.1,0,8,0.0,0.1
130,2,8,0.25,2,8,0.25,0.0
136,0,8,0.0,0,10,0.0,0.0
137,1,9,0.1111111111111111,0,10,0.0,0.1111111111111111
138,4,9,0.4444444444444444,2,10,0.2,0.2444444444444444
139,2,10,0.2,0,10,0.0,0.2
140,9,10,0.9,0,10,0.0,0.9
141,6,10,0.6,0,10,0.0,0.6
142,4,10,0.4,0,10,0.0,0.4
143,6,10,0.6,2,10,0.2,0.39999999999999997
144,0,10,0.0,1,9,0.1111111111111111,-0.1111111111111111
145,4,10,0.4,1,9,0.1111111111111111,0.2888888888888889
147,0,8,0.0,1,9,0.1111111111111111,-0.1111111111111111
148,0,11,0.0,0,10,0.0,0.0
150,2,9,0.2222222222222222,1,10,0.1,0.1222222222222222
151,4,10,0.4,0,10,0.0,0.4
152,6,11,0.5454545454545454,4,12,0.3333333333333333,0.2121212121212121
155,5,10,0.5,3,9,0.3333333333333333,0.16666666666666669
156,5,5,1.0,3,8,0.375,0.625
157,8,11,0.7272727272727273,0,12,0.0,0.7272727272727273
158,3,10,0.3,1,10,0.1,0.19999999999999998
160,5,8,0.625,0,9,0.0,0.625
161,5,12,0.4166666666666667,1,11,0.09090909090909091,0.3257575757575758
162,3,8,0.375,0,12,0.0,0.375
163,1,9,0.1111111111111111,0,10,0.0,0.1111111111111111
164,3,10,0.3,0,10,0.0,0.3
165,2,11,0.18181818181818182,4,10,0.4,-0.2181818181818182
166,0,8,0.0,4,8,0.5,-0.5
167,4,11,0.36363636363636365,0,10,0.0,0.36363636363636365
168,1,12,0.08333333333333333,0,12,0.0,0.08333333333333333
169,2,8,0.25,0,10,0.0,0.25
170,4,10,0.4,1,10,0.1,0.30000000000000004
171,1,11,0.09090909090909091,0,11,0.0,0.09090909090909091
172,0,9,0.0,2,10,0.2,-0.2
175,0,9,0.0,0,9,0.0,0.0
176,1,10,0.1,0,10,0.0,0.1
177,0,12,0.0,0,10,0.0,0.0
178,0,10,0.0,0,9,0.0,0.0
179,1,10,0.1,2,10,0.2,-0.1
181,0,11,0.0,0,9,0.0,0.0
191,1,10,0.1,0,10,0.0,0.1
194,2,7,0.2857142857142857,0,10,0.0,0.2857142857142857
195,2,8,0.25,1,10,0.1,0.15
