number,debate_id,title,topic,classification_rationale,theist_side,theist_speaker,non_theist_speaker,theist_score,non_theist_score,margin,generation
1,craig-oconnor-god-debate-2026,Alex O'Connor vs William Lane Craig: Does God Exist?,"Evil, suffering & hiddenness","Suffering, divine hiddenness, divine goodness, or the evidential problem of evil is the central burden.",pro,William Lane Craig,Alex O'Connor,76,82,6.0,earlier
2,craig-hitchens-god-existence-2009,William Lane Craig vs Christopher Hitchens: Does God Exist?,General theism / naturalism,"The motion broadly compares theism, atheism, or naturalism without one narrower topic dominating the stated burden.",pro,William Lane Craig,Christopher Hitchens,78,82,4.0,earlier
3,hitchens-dsouza-religion-problem-2010,Christopher Hitchens vs Dinesh D'Souza: Is Religion the Problem?,"Religion, culture & meaning","Religion's social value, existential role, identity, practical effects, or comparative cultural standing is the central burden.",con,Dinesh D'Souza,Christopher Hitchens,75,83,8.0,earlier
5,dillahunty-ten-bruggencate-reasonable-god-2014,Matt Dillahunty vs Sye Ten Bruggencate: Is It Reasonable to Believe God Exists?,"Mind, reason & logic","Consciousness, rationality, free will, logic, intelligibility, or reason's grounding is the central burden.",pro,Sye Ten Bruggencate,Matt Dillahunty,64,88,24.0,earlier
6,dsouza-dillahunty-god-woman-2023,Dinesh D'Souza vs Matt Dillahunty: Does God Exist? What Is a Woman?,"Religion, culture & meaning","Religion's social value, existential role, identity, practical effects, or comparative cultural standing is the central burden.",pro,Dinesh D'Souza,Matt Dillahunty,77,87,10.0,earlier
7,wood-oconnor-jesus-claim-god-2025,David Wood vs Alex O'Connor: Did Jesus Claim to Be God?,"Scripture, revelation & doctrine","A scriptural claim, revelation, Christian doctrine, or the epistemic standing of faith is the central burden.",pro,David Wood,Alex O'Connor,83,90,7.0,earlier
8,wood-shermer-god-exist-2022,David Wood vs Michael Shermer: Does God Exist?,General theism / naturalism,"The motion broadly compares theism, atheism, or naturalism without one narrower topic dominating the stated burden.",pro,David Wood,Michael Shermer,73,80,7.0,earlier
9,peterson-dillahunty-god-debate-2023,Jordan Peterson vs Matt Dillahunty: The Greatest God Debate In History,"Religion, culture & meaning","Religion's social value, existential role, identity, practical effects, or comparative cultural standing is the central burden.",pro,Jordan Peterson,Matt Dillahunty,73,89,16.0,earlier
10,craig-harris-moral-foundations-2011,William Lane Craig vs Sam Harris: The God Debate II,Morality & ethics,"Objective moral truth, moral grounding, ethical authority, or the moral implications of a worldview is the central burden.",pro,William Lane Craig,Sam Harris,79,79,0.0,earlier
11,dsouza-ehrman-god-suffering-evil-2025,"Dinesh D'Souza vs Bart Ehrman: God, Suffering, and Evil","Evil, suffering & hiddenness","Suffering, divine hiddenness, divine goodness, or the evidential problem of evil is the central burden.",pro,Dinesh D'Souza,Bart Ehrman,79,87,8.0,earlier
12,settecase-jump-evidence-for-god-2025,Joel Settecase vs Tom Jump: Is There Evidence for God?,"Mind, reason & logic","Consciousness, rationality, free will, logic, intelligibility, or reason's grounding is the central burden.",pro,Joel Settecase,Tom Jump,84,78,-6.0,earlier
13,knechtle-oconnor-christian-morality-2025,"Cliffe Knechtle vs Alex O'Connor: Christianity, Scripture, and Morality",Morality & ethics,"Objective moral truth, moral grounding, ethical authority, or the moral implications of a worldview is the central burden.",pro,Cliffe Knechtle,Alex O'Connor,76,87,11.0,earlier
14,jones-carrier-god-existence-2025,Michael Jones vs Richard Carrier: Does God Exist?,General theism / naturalism,"The motion broadly compares theism, atheism, or naturalism without one narrower topic dominating the stated burden.",pro,Michael Jones,Richard Carrier,74,73,-1.0,earlier
15,hitchens-lennox-is-god-great-2017,Christopher Hitchens vs John Lennox: Is God Great?,"Religion, culture & meaning","Religion's social value, existential role, identity, practical effects, or comparative cultural standing is the central burden.",pro,John Lennox,Christopher Hitchens,77,81,4.0,earlier
16,hirsi-ali-dawkins-god-debate-2024,Ayaan Hirsi Ali vs Richard Dawkins: The God Debate,"Religion, culture & meaning","Religion's social value, existential role, identity, practical effects, or comparative cultural standing is the central burden.",pro,Ayaan Hirsi Ali,Richard Dawkins,74,84,10.0,earlier
17,collins-oconnor-god-existence-2024,Francis Collins vs Alex O'Connor: Does God Exist?,"Cosmology, science & design","Cosmology, origins, fine-tuning, science, biological complexity, or an inference to design is the central burden.",pro,Francis Collins,Alex O'Connor,79,88,9.0,earlier
20,hitchens-hitchens-iraq-god-2008,"Christopher Hitchens vs Peter Hitchens: Iraq, God, and Moral Authority",Morality & ethics,"Objective moral truth, moral grounding, ethical authority, or the moral implications of a worldview is the central burden.",con,Peter Hitchens,Christopher Hitchens,77,79,2.0,earlier
21,hitchens-wolpe-great-god-debate-2010,Christopher Hitchens vs Rabbi David Wolpe: The Great God Debate,"Religion, culture & meaning","Religion's social value, existential role, identity, practical effects, or comparative cultural standing is the central burden.",con,Rabbi David Wolpe,Christopher Hitchens,76,85,9.0,earlier
22,turek-hitchens-god-existence-2008,Frank Turek vs Christopher Hitchens: Does God Exist?,"Cosmology, science & design","Cosmology, origins, fine-tuning, science, biological complexity, or an inference to design is the central burden.",pro,Frank Turek,Christopher Hitchens,74,81,7.0,earlier
24,hitchens-olasky-religion-grace-2007,"Christopher Hitchens vs Marvin Olasky: Religion, Grace, and Secular Morality",Morality & ethics,"Objective moral truth, moral grounding, ethical authority, or the moral implications of a worldview is the central burden.",con,Marvin Olasky,Christopher Hitchens,82,80,-2.0,earlier
25,hitchens-ramadan-islam-peace-2010,Christopher Hitchens vs Tariq Ramadan: Is Islam a Religion of Peace?,"Scripture, revelation & doctrine","A scriptural claim, revelation, Christian doctrine, or the epistemic standing of faith is the central burden.",con,Tariq Ramadan,Christopher Hitchens,82,80,-2.0,earlier
26,turek-hitchens-reality-theism-atheism-2011,Frank Turek vs Christopher Hitchens: What Best Explains Reality?,General theism / naturalism,"The motion broadly compares theism, atheism, or naturalism without one narrower topic dominating the stated burden.",pro,Frank Turek,Christopher Hitchens,74,83,9.0,earlier
27,oconnor-turek-evil-moral-argument-2017,Alex O'Connor vs Frank Turek: The Moral Argument Debate,"Evil, suffering & hiddenness","Suffering, divine hiddenness, divine goodness, or the evidential problem of evil is the central burden.",pro,Frank Turek,Alex O'Connor,76,87,11.0,earlier
28,turek-shermer-reality-theism-atheism-2018,Frank Turek vs Michael Shermer: What Best Explains Reality?,General theism / naturalism,"The motion broadly compares theism, atheism, or naturalism without one narrower topic dominating the stated burden.",pro,Frank Turek,Michael Shermer,72,83,11.0,earlier
29,turek-silverman-reality-theism-atheism-2013,Frank Turek vs David Silverman: Which Better Explains Reality?,General theism / naturalism,"The motion broadly compares theism, atheism, or naturalism without one narrower topic dominating the stated burden.",pro,Frank Turek,David Silverman,77,78,1.0,earlier
30,lowder-turek-naturalism-theism-2016,Jeffery Jay Lowder vs Frank Turek: Naturalism or Theism?,General theism / naturalism,"The motion broadly compares theism, atheism, or naturalism without one narrower topic dominating the stated burden.",con,Frank Turek,Jeffery Jay Lowder,70,85,15.0,earlier
31,oconnor-craig-resurrection-2023,Alex O'Connor vs William Lane Craig: Did Jesus Rise From the Dead?,Resurrection,The historicity or explanatory adequacy of Jesus' resurrection is the central burden.,pro,William Lane Craig,Alex O'Connor,86,88,2.0,earlier
33,craig-carroll-god-cosmology-2014,William Lane Craig vs Sean Carroll: God and Cosmology,"Cosmology, science & design","Cosmology, origins, fine-tuning, science, biological complexity, or an inference to design is the central burden.",pro,William Lane Craig,Sean Carroll,83,90,7.0,earlier
36,carroll-halvorson-metaphysics-worldview-2016,Sean Carroll vs Hans Halvorson: Metaphysics,General theism / naturalism,"The motion broadly compares theism, atheism, or naturalism without one narrower topic dominating the stated burden.",con,Hans Halvorson,Sean Carroll,87,84,-3.0,earlier
37,ehrman-bass-resurrection-history-2023,Bart Ehrman vs Justin Bass: Did Jesus of Nazareth Rise From the Dead?,Resurrection,The historicity or explanatory adequacy of Jesus' resurrection is the central burden.,pro,Justin Bass,Bart Ehrman,78,88,10.0,earlier
39,lambert-jones-christian-faith-skepticism-2021,Derek Lambert vs Michael Jones: Atheist and Christian Discussion,"Scripture, revelation & doctrine","A scriptural claim, revelation, Christian doctrine, or the epistemic standing of faith is the central burden.",pro,Michael Jones,Derek Lambert,79,81,2.0,earlier
42,schmid-tomaszewski-divine-simplicity-2020,Joe Schmid vs Chris Tomaszewski: Is Divine Simplicity True?,"Scripture, revelation & doctrine","A scriptural claim, revelation, Christian doctrine, or the epistemic standing of faith is the central burden.",pro,Chris Tomaszewski,Joe Schmid,86,87,1.0,earlier
43,meyer-halper-cosmology-fine-tuning-2026,Stephen Meyer vs Phil Halper: The Big Bang and Fine-Tuning,"Cosmology, science & design","Cosmology, origins, fine-tuning, science, biological complexity, or an inference to design is the central burden.",pro,Stephen Meyer,Phil Halper,79,90,11.0,earlier
46,shapiro-oconnor-atheist-delusion-society-2023,"Ben Shapiro vs Alex O'Connor: The Atheist Delusion, Free Will, and Society","Religion, culture & meaning","Religion's social value, existential role, identity, practical effects, or comparative cultural standing is the central burden.",pro,Ben Shapiro,Alex O'Connor,71,87,16.0,earlier
47,jones-krauss-christianity-secular-ethics-2025,Michael Jones vs Lawrence Krauss: Christianity or Secular Ethics - What's Best for Society?,Morality & ethics,"Objective moral truth, moral grounding, ethical authority, or the moral implications of a worldview is the central burden.",pro,Michael Jones,Lawrence Krauss,79,76,-3.0,earlier
48,scrivener-folley-hiddenness-evil-moral-narrative-2025,"Glen Scrivener vs Joe Folley: Morality, Evil, Consciousness, and Christian Narrative","Evil, suffering & hiddenness","Suffering, divine hiddenness, divine goodness, or the evidential problem of evil is the central burden.",pro,Glen Scrivener,Joe Folley,74,84,10.0,earlier
49,dyer-dillahunty-transcendental-theism-2019,Jay Dyer vs Matt Dillahunty: Transcendental Argument for Theism,"Mind, reason & logic","Consciousness, rationality, free will, logic, intelligibility, or reason's grounding is the central burden.",pro,Jay Dyer,Matt Dillahunty,76,89,13.0,earlier
50,knechtle-dillahunty-christianity-true-2023,Cliffe Knechtle vs Matt Dillahunty: Is Christianity True?,"Scripture, revelation & doctrine","A scriptural claim, revelation, Christian doctrine, or the epistemic standing of faith is the central burden.",pro,Cliffe Knechtle,Matt Dillahunty,73,90,17.0,earlier
51,lennox-atkins-duelling-professors-2012,John Lennox vs Peter Atkins: Duelling Professors on Science and God,"Cosmology, science & design","Cosmology, origins, fine-tuning, science, biological complexity, or an inference to design is the central burden.",pro,John Lennox,Peter Atkins,79,72,-7.0,earlier
52,horn-dillahunty-resurrection-reasonable-2021,Trent Horn vs Matt Dillahunty: Is Belief in the Resurrection Reasonable?,Resurrection,The historicity or explanatory adequacy of Jesus' resurrection is the central burden.,pro,Trent Horn,Matt Dillahunty,82,83,1.0,earlier
53,oconnor-dsouza-bible-true-2024,Alex O'Connor vs Dinesh D'Souza: Is the Bible True?,"Scripture, revelation & doctrine","A scriptural claim, revelation, Christian doctrine, or the epistemic standing of faith is the central burden.",pro,Dinesh D'Souza,Alex O'Connor,76,91,15.0,earlier
54,jones-law-christianity-humanism-future-2025,Michael Jones vs Stephen Law: Christianity vs Humanism,Morality & ethics,"Objective moral truth, moral grounding, ethical authority, or the moral implications of a worldview is the central burden.",pro,Michael Jones,Stephen Law,72,81,9.0,earlier
55,craig-malpass-kalam-nothing-2026,William Lane Craig vs Alex Malpass: Can Something Come From Nothing?,"Cosmology, science & design","Cosmology, origins, fine-tuning, science, biological complexity, or an inference to design is the central burden.",pro,William Lane Craig,Alex Malpass,75,91,16.0,earlier
57,scrivener-dillahunty-atheism-morality-2020,Glen Scrivener vs Matt Dillahunty: Can Atheism Deliver a Better World?,Morality & ethics,"Objective moral truth, moral grounding, ethical authority, or the moral implications of a worldview is the central burden.",pro,Glen Scrivener,Matt Dillahunty,77,86,9.0,earlier
58,dillahunty-slick-secular-humanism-christianity-2016,Matt Dillahunty vs Matt Slick: Is Secular Humanism Superior to Christianity?,Morality & ethics,"Objective moral truth, moral grounding, ethical authority, or the moral implications of a worldview is the central burden.",con,Matt Slick,Matt Dillahunty,74,82,8.0,earlier
59,bollore-halper-god-science-evidence-2026,Michel-Yves Bollore vs Phil Halper: Does Science Point to God?,"Cosmology, science & design","Cosmology, origins, fine-tuning, science, biological complexity, or an inference to design is the central burden.",pro,Michel-Yves Bollore,Phil Halper,69,88,19.0,earlier
60,horn-oconnor-jesus-resurrection-2026,Trent Horn vs Alex O'Connor: Did Jesus Rise From the Dead?,Resurrection,The historicity or explanatory adequacy of Jesus' resurrection is the central burden.,pro,Trent Horn,Alex O'Connor,78,86,8.0,earlier
61,scrivener-oconnor-morality-bible-slavery-2026,"Glen Scrivener vs Alex O'Connor: Morality, Freedom, Slavery, and the Bible",Morality & ethics,"Objective moral truth, moral grounding, ethical authority, or the moral implications of a worldview is the central burden.",pro,Glen Scrivener,Alex O'Connor,81,89,8.0,earlier
62,pageau-folley-logos-meaning-resurrection-2026,"Jonathan Pageau vs Joe Folley: Genesis, Jesus, Science, and Faith","Religion, culture & meaning","Religion's social value, existential role, identity, practical effects, or comparative cultural standing is the central burden.",pro,Jonathan Pageau,Joe Folley,76,88,12.0,earlier
63,butt-shermer-god-bible-2023,Kyle Butt vs Michael Shermer: Does the God of the Bible Exist?,"Scripture, revelation & doctrine","A scriptural claim, revelation, Christian doctrine, or the epistemic standing of faith is the central burden.",pro,Kyle Butt,Michael Shermer,71,86,15.0,earlier
64,pine-watkins-god-existence-2020,Gregory Pine vs Ben Watkins: Does God Exist?,General theism / naturalism,"The motion broadly compares theism, atheism, or naturalism without one narrower topic dominating the stated burden.",pro,Gregory Pine,Ben Watkins,79,86,7.0,earlier
65,donahue-malpass-fine-tuning-god-2026,Miles K. Donahue vs Alex Malpass: Does Fine-Tuning Point to God?,"Cosmology, science & design","Cosmology, origins, fine-tuning, science, biological complexity, or an inference to design is the central burden.",pro,Miles K. Donahue,Alex Malpass,79,80,1.0,earlier
66,donahue-fodor-case-against-christianity-2025,Miles K. Donahue vs James Fodor: The Case Against Christianity,"Scripture, revelation & doctrine","A scriptural claim, revelation, Christian doctrine, or the epistemic standing of faith is the central burden.",pro,Miles K. Donahue,James Fodor,81,83,2.0,earlier
67,jones-fodor-digital-physics-god-2021,Michael Jones vs James Fodor: The Digital Physics Argument for God,"Mind, reason & logic","Consciousness, rationality, free will, logic, intelligibility, or reason's grounding is the central burden.",pro,Michael Jones,James Fodor,71,87,16.0,earlier
68,jones-dillahunty-quantum-idealism-demonstrability-2026,Michael Jones vs Matt Dillahunty: Quantum Idealism and Demonstrability,"Mind, reason & logic","Consciousness, rationality, free will, logic, intelligibility, or reason's grounding is the central burden.",pro,Michael Jones,Matt Dillahunty,69,86,17.0,earlier
69,winger-dillahunty-resurrection-unreasonable-2019,Mike Winger vs Matt Dillahunty: Is Belief in the Resurrection Unreasonable?,Resurrection,The historicity or explanatory adequacy of Jesus' resurrection is the central burden.,pro,Mike Winger,Matt Dillahunty,80,86,6.0,earlier
70,malpass-anderson-logic-god-2021,Alex Malpass vs James Anderson: Does Logic Prove God?,"Mind, reason & logic","Consciousness, rationality, free will, logic, intelligibility, or reason's grounding is the central burden.",pro,James Anderson,Alex Malpass,86,82,-4.0,earlier
72,dyer-malpass-tag-argument-2019,Jay Dyer vs Alex Malpass: The TAG Argument,"Mind, reason & logic","Consciousness, rationality, free will, logic, intelligibility, or reason's grounding is the central burden.",pro,Jay Dyer,Alex Malpass,74,91,17.0,earlier
74,rasmussen-malpass-suffering-causal-finitism-2021,"Josh Rasmussen vs Alex Malpass: Suffering, Theism, and Causal Finitism","Evil, suffering & hiddenness","Suffering, divine hiddenness, divine goodness, or the evidential problem of evil is the central burden.",pro,Josh Rasmussen,Alex Malpass,82,89,7.0,earlier
75,rasmussen-clifton-contingency-argument-2019,Josh Rasmussen vs Scott Clifton: Is the Contingency Argument Persuasive?,"Cosmology, science & design","Cosmology, origins, fine-tuning, science, biological complexity, or an inference to design is the central burden.",pro,Josh Rasmussen,Scott Clifton,79,87,8.0,earlier
76,craig-oppy-mathematics-theism-2020,William Lane Craig vs Graham Oppy: Does Math Point to God?,"Mind, reason & logic","Consciousness, rationality, free will, logic, intelligibility, or reason's grounding is the central burden.",pro,William Lane Craig,Graham Oppy,81,84,3.0,earlier
77,feser-oppy-arguments-for-god-2020,Ed Feser vs Graham Oppy: Are There Any Good Arguments for God?,General theism / naturalism,"The motion broadly compares theism, atheism, or naturalism without one narrower topic dominating the stated burden.",pro,Ed Feser,Graham Oppy,86,81,-5.0,earlier
78,albrecht-oppy-resurrection-ancient-christianity-2023,William Albrecht vs Graham Oppy: Resurrection and Ancient Christianity,Resurrection,The historicity or explanatory adequacy of Jesus' resurrection is the central burden.,pro,William Albrecht,Graham Oppy,76,83,7.0,earlier
79,swinburne-oppy-theism-probability-2022,Richard Swinburne vs Graham Oppy: Is Theism Probable?,General theism / naturalism,"The motion broadly compares theism, atheism, or naturalism without one narrower topic dominating the stated burden.",pro,Richard Swinburne,Graham Oppy,80,85,5.0,earlier
80,rasmussen-schmid-argument-from-limits-2023,Josh Rasmussen vs Joe Schmid: The Argument from Limits,"Mind, reason & logic","Consciousness, rationality, free will, logic, intelligibility, or reason's grounding is the central burden.",pro,Josh Rasmussen,Joe Schmid,84,90,6.0,earlier
81,rasmussen-oppy-ultimate-reality-naturalism-2020,"Josh Rasmussen vs Graham Oppy: Theism, Naturalism, and Ultimate Reality",General theism / naturalism,"The motion broadly compares theism, atheism, or naturalism without one narrower topic dominating the stated burden.",pro,Josh Rasmussen,Graham Oppy,81,85,4.0,earlier
83,loke-oppy-kalam-causal-principle-2020,Andrew Loke vs Graham Oppy: Is the Kalam Sound?,"Cosmology, science & design","Cosmology, origins, fine-tuning, science, biological complexity, or an inference to design is the central burden.",pro,Andrew Loke,Graham Oppy,74,86,12.0,earlier
85,atkins-fox-god-science-future-humanity-2024,Peter Atkins vs Keith Fox: God vs Science Debate,"Cosmology, science & design","Cosmology, origins, fine-tuning, science, biological complexity, or an inference to design is the central burden.",con,Keith Fox,Peter Atkins,85,70,-15.0,earlier
86,egnor-dillahunty-god-existence-2021,Michael Egnor vs Matt Dillahunty: Does God Exist?,General theism / naturalism,"The motion broadly compares theism, atheism, or naturalism without one narrower topic dominating the stated burden.",pro,Michael Egnor,Matt Dillahunty,71,83,12.0,earlier
87,christopoulos-dillahunty-resurrection-historical-event-2024,Than Christopoulos vs Matt Dillahunty: Is the Resurrection a Historical Event?,Resurrection,The historicity or explanatory adequacy of Jesus' resurrection is the central burden.,pro,Than Christopoulos,Matt Dillahunty,79,88,9.0,earlier
88,sechler-dillahunty-perfect-mind-universe-2022,Zac Sechler vs Matt Dillahunty: Did a Perfect Mind Create the Universe?,General theism / naturalism,"The motion broadly compares theism, atheism, or naturalism without one narrower topic dominating the stated burden.",pro,Zac Sechler,Matt Dillahunty,79,83,4.0,earlier
89,bignon-oppy-religious-experience-god-2022,Guillaume Bignon vs Graham Oppy: Religious Experience and the Case for God,"Religion, culture & meaning","Religion's social value, existential role, identity, practical effects, or comparative cultural standing is the central burden.",pro,Guillaume Bignon,Graham Oppy,82,87,5.0,earlier
90,akin-ehrman-gospels-historically-reliable-2022,Jimmy Akin vs Bart Ehrman: Are the Gospels Historically Reliable?,"Scripture, revelation & doctrine","A scriptural claim, revelation, Christian doctrine, or the epistemic standing of faith is the central burden.",pro,Jimmy Akin,Bart Ehrman,81,88,7.0,earlier
91,cutter-oppy-mind-brain-harmony-god-2025,Brian Cutter vs Graham Oppy: Does Mind-Brain Harmony Point to God?,"Mind, reason & logic","Consciousness, rationality, free will, logic, intelligibility, or reason's grounding is the central burden.",pro,Brian Cutter,Graham Oppy,85,85,0.0,earlier
92,craig-malpass-universe-begin-exist-2020,William Lane Craig vs Alex Malpass: Did the Universe Begin to Exist?,"Cosmology, science & design","Cosmology, origins, fine-tuning, science, biological complexity, or an inference to design is the central burden.",pro,William Lane Craig,Alex Malpass,79,90,11.0,earlier
93,hunter-dillahunty-christian-god-exist-2019,Braxton Hunter vs Matt Dillahunty: Does the Christian God Exist?,"Scripture, revelation & doctrine","A scriptural claim, revelation, Christian doctrine, or the epistemic standing of faith is the central burden.",pro,Braxton Hunter,Matt Dillahunty,77,86,9.0,earlier
94,swinburne-huemer-theism-coherent-2026,Richard Swinburne vs Michael Huemer: Is Theism Coherent?,General theism / naturalism,"The motion broadly compares theism, atheism, or naturalism without one narrower topic dominating the stated burden.",pro,Richard Swinburne,Michael Huemer,75,83,8.0,earlier
97,holland-grayling-christianity-human-values-2019,Tom Holland vs A. C. Grayling: Did Christianity Give Us Our Human Values?,Morality & ethics,"Objective moral truth, moral grounding, ethical authority, or the moral implications of a worldview is the central burden.",pro,Tom Holland,A. C. Grayling,78,84,6.0,earlier
98,craig-grayling-evil-god-reasonable-2011,William Lane Craig vs A. C. Grayling: Is Belief in God Reasonable in Light of Evil?,"Evil, suffering & hiddenness","Suffering, divine hiddenness, divine goodness, or the evidential problem of evil is the central burden.",pro,William Lane Craig,A. C. Grayling,84,86,2.0,earlier
99,jones-jump-digital-physics-god-2019,Michael Jones vs Tom Jump: Does God Exist?,"Mind, reason & logic","Consciousness, rationality, free will, logic, intelligibility, or reason's grounding is the central burden.",pro,Michael Jones,Tom Jump,76,80,4.0,earlier
100,jones-dillahunty-emergent-mind-god-2020,Michael Jones vs Matt Dillahunty: Reason to Believe in God?,"Mind, reason & logic","Consciousness, rationality, free will, logic, intelligibility, or reason's grounding is the central burden.",pro,Michael Jones,Matt Dillahunty,73,91,18.0,earlier
101,woodford-scrivener-religion-poisons-everything-2026,Stephen Woodford vs Glen Scrivener: Does Religion Poison Everything?,"Religion, culture & meaning","Religion's social value, existential role, identity, practical effects, or comparative cultural standing is the central burden.",con,Glen Scrivener,Stephen Woodford,80,83,3.0,earlier
102,woodford-brierley-christianity-rational-2019,Stephen Woodford vs Justin Brierley: Is Christianity Rational?,"Scripture, revelation & doctrine","A scriptural claim, revelation, Christian doctrine, or the epistemic standing of faith is the central burden.",con,Justin Brierley,Stephen Woodford,77,82,5.0,earlier
103,woodford-edwards-rational-belief-god-2023,Stephen Woodford vs Simon Edwards: Is It Rational to Believe in God?,"Evil, suffering & hiddenness","Suffering, divine hiddenness, divine goodness, or the evidential problem of evil is the central burden.",con,Simon Edwards,Stephen Woodford,78,82,4.0,earlier
104,oconnor-baker-hytch-argument-from-reason-2020,Alex O'Connor vs Max Baker-Hytch: The Argument for God From Reason,"Mind, reason & logic","Consciousness, rationality, free will, logic, intelligibility, or reason's grounding is the central burden.",pro,Max Baker-Hytch,Alex O'Connor,84,82,-2.0,earlier
106,peterson-blackmore-god-meaning-life-2018,Jordan Peterson vs Susan Blackmore: Do We Need God to Make Sense of Life?,"Religion, culture & meaning","Religion's social value, existential role, identity, practical effects, or comparative cultural standing is the central burden.",pro,Jordan Peterson,Susan Blackmore,74,85,11.0,earlier
107,lennox-ruse-science-faith-evidence-god-2018,"John Lennox vs Michael Ruse: Science, Faith, and the Evidence for God","Cosmology, science & design","Cosmology, origins, fine-tuning, science, biological complexity, or an inference to design is the central burden.",pro,John Lennox,Michael Ruse,79,85,6.0,earlier
108,ward-ruse-mind-consciousness-god-2013,"Keith Ward vs Michael Ruse: Mind, Consciousness, and God","Mind, reason & logic","Consciousness, rationality, free will, logic, intelligibility, or reason's grounding is the central burden.",pro,Keith Ward,Michael Ruse,80,82,2.0,earlier
109,mclatchie-oconnor-theism-naturalism-reality-2022,Jonathan McLatchie vs Alex O'Connor: Theism or Naturalism?,General theism / naturalism,"The motion broadly compares theism, atheism, or naturalism without one narrower topic dominating the stated burden.",pro,Jonathan McLatchie,Alex O'Connor,74,83,9.0,earlier
112,copan-woodford-belief-god-reasonable-2024,Paul Copan vs Stephen Woodford: Is Belief in God Reasonable?,General theism / naturalism,"The motion broadly compares theism, atheism, or naturalism without one narrower topic dominating the stated burden.",pro,Paul Copan,Stephen Woodford,78,81,3.0,earlier
113,dirckx-woodford-god-suffering-2024,Sharon Dirckx vs Stephen Woodford: Why Doesn't God Stop Suffering?,"Evil, suffering & hiddenness","Suffering, divine hiddenness, divine goodness, or the evidential problem of evil is the central burden.",pro,Sharon Dirckx,Stephen Woodford,79,80,1.0,earlier
114,dirckx-goff-consciousness-points-god-2019,Sharon Dirckx vs Philip Goff: Does Consciousness Point to God?,"Mind, reason & logic","Consciousness, rationality, free will, logic, intelligibility, or reason's grounding is the central burden.",pro,Sharon Dirckx,Philip Goff,79,81,2.0,earlier
116,bertuzzi-schieber-evil-evidence-2019,Cameron Bertuzzi vs Justin Schieber: The Problem of Evil,"Evil, suffering & hiddenness","Suffering, divine hiddenness, divine goodness, or the evidential problem of evil is the central burden.",pro,Cameron Bertuzzi,Justin Schieber,78,87,9.0,earlier
117,bertuzzi-oconnor-contingency-argument-2018,Alex O'Connor vs Cameron Bertuzzi: Something From Nothing?,"Cosmology, science & design","Cosmology, origins, fine-tuning, science, biological complexity, or an inference to design is the central burden.",pro,Cameron Bertuzzi,Alex O'Connor,81,87,6.0,earlier
118,hernandez-schieber-god-existence-2023,Eric Hernandez vs Justin Schieber: Does God Exist?,"Evil, suffering & hiddenness","Suffering, divine hiddenness, divine goodness, or the evidential problem of evil is the central burden.",pro,Eric Hernandez,Justin Schieber,74,85,11.0,earlier
119,jones-oconnor-hell-2023,Michael Jones vs Alex O'Connor: Does God Send People to Hell?,"Evil, suffering & hiddenness","Suffering, divine hiddenness, divine goodness, or the evidential problem of evil is the central burden.",pro,Michael Jones,Alex O'Connor,80,87,7.0,earlier
120,mclatchie-oconnor-christianity-true-2019,Jonathan McLatchie vs Alex O'Connor: Is Christianity True?,"Scripture, revelation & doctrine","A scriptural claim, revelation, Christian doctrine, or the epistemic standing of faith is the central burden.",pro,Jonathan McLatchie,Alex O'Connor,83,83,0.0,earlier
121,dawkins-lennox-science-buried-god-2017,Richard Dawkins vs John Lennox: Has Science Buried God?,"Cosmology, science & design","Cosmology, origins, fine-tuning, science, biological complexity, or an inference to design is the central burden.",pro,John Lennox,Richard Dawkins,76,82,6.0,earlier
122,horn-oconnor-god-existence-2020,Trent Horn vs Alex O'Connor: Does God Exist?,"Evil, suffering & hiddenness","Suffering, divine hiddenness, divine goodness, or the evidential problem of evil is the central burden.",pro,Trent Horn,Alex O'Connor,77,83,6.0,earlier
123,oconnor-pine-divine-hiddenness-2024,Gregory Pine vs Alex O'Connor: The Divine Hiddenness Problem,"Evil, suffering & hiddenness","Suffering, divine hiddenness, divine goodness, or the evidential problem of evil is the central burden.",pro,Gregory Pine,Alex O'Connor,74,87,13.0,earlier
124,harris-peterson-god-atheism-bible-2018,"Sam Harris vs Jordan Peterson: God, Atheism, The Bible, Jesus","Religion, culture & meaning","Religion's social value, existential role, identity, practical effects, or comparative cultural standing is the central burden.",pro,Jordan Peterson,Sam Harris,78,84,6.0,earlier
126,craig-clifton-kalam-cosmological-argument-2021,William Lane Craig vs Scott Clifton: The Kalam Cosmological Argument,"Cosmology, science & design","Cosmology, origins, fine-tuning, science, biological complexity, or an inference to design is the central burden.",pro,William Lane Craig,Scott Clifton,82,88,6.0,earlier
127,slick-clifton-objective-morality-god-2014,Matt Slick vs Scott Clifton: Does Objective Morality Require God?,Morality & ethics,"Objective moral truth, moral grounding, ethical authority, or the moral implications of a worldview is the central burden.",pro,Matt Slick,Scott Clifton,70,89,19.0,earlier
128,craig-law-evil-god-challenge-2011,William Lane Craig vs Stephen Law: Does God Exist?,"Evil, suffering & hiddenness","Suffering, divine hiddenness, divine goodness, or the evidential problem of evil is the central burden.",pro,William Lane Craig,Stephen Law,76,88,12.0,earlier
130,licona-carrier-resurrection-history-2010,Mike Licona vs Richard Carrier: Did Jesus Rise From the Dead?,Resurrection,The historicity or explanatory adequacy of Jesus' resurrection is the central burden.,pro,Mike Licona,Richard Carrier,80,83,3.0,earlier
136,douthat-ehrman-resurrection-gospel-history-2026,Ross Douthat vs Bart Ehrman: Did Jesus Rise From the Dead?,Resurrection,The historicity or explanatory adequacy of Jesus' resurrection is the central burden.,pro,Ross Douthat,Bart Ehrman,84,86,2.0,earlier
137,price-craig-resurrection-historical-analogy-1999,Robert Price vs William Lane Craig: Did Jesus Rise From the Dead?,Resurrection,The historicity or explanatory adequacy of Jesus' resurrection is the central burden.,pro,William Lane Craig,Robert Price,83,80,-3.0,earlier
138,albrecht-price-bodily-resurrection-2022,William Albrecht vs Robert Price: Did Jesus Bodily Rise from the Dead?,Resurrection,The historicity or explanatory adequacy of Jesus' resurrection is the central burden.,pro,William Albrecht,Robert Price,78,80,2.0,earlier
139,adelstein-dillahunty-belief-god-2025,Matthew Adelstein vs Matt Dillahunty: Should We Believe in God?,"Cosmology, science & design","Cosmology, origins, fine-tuning, science, biological complexity, or an inference to design is the central burden.",pro,Matthew Adelstein,Matt Dillahunty,81,89,8.0,earlier
140,rhodes-dillahunty-evidence-god-2021,Kenny Rhodes vs Matt Dillahunty: Is There Evidence for God?,General theism / naturalism,"The motion broadly compares theism, atheism, or naturalism without one narrower topic dominating the stated burden.",pro,Kenny Rhodes,Matt Dillahunty,70,88,18.0,earlier
141,fischer-dillahunty-axiomatic-evidence-god-2020,Ben Fischer vs Matt Dillahunty: Is There Good Evidence for God?,General theism / naturalism,"The motion broadly compares theism, atheism, or naturalism without one narrower topic dominating the stated burden.",pro,Ben Fischer,Matt Dillahunty,68,86,18.0,earlier
142,comfort-dillahunty-gospel-atonement-2020,Ray Comfort vs Matt Dillahunty: Does the Gospel Make Sense?,"Scripture, revelation & doctrine","A scriptural claim, revelation, Christian doctrine, or the epistemic standing of faith is the central burden.",pro,Ray Comfort,Matt Dillahunty,68,86,18.0,earlier
143,vela-dillahunty-transcendental-evidence-god-2020,Tyler Vela vs Matt Dillahunty: Is There Good Evidence for God?,"Mind, reason & logic","Consciousness, rationality, free will, logic, intelligibility, or reason's grounding is the central burden.",pro,Tyler Vela,Matt Dillahunty,76,84,8.0,earlier
144,plantinga-dennett-evolution-naturalism-2018,"Alvin Plantinga vs Daniel Dennett: Science, Religion, and Evolution","Cosmology, science & design","Cosmology, origins, fine-tuning, science, biological complexity, or an inference to design is the central burden.",pro,Alvin Plantinga,Daniel Dennett,83,84,1.0,earlier
145,dennett-dsouza-god-human-invention-2007,Daniel Dennett vs Dinesh D'Souza: Is God a Human Invention?,"Religion, culture & meaning","Religion's social value, existential role, identity, practical effects, or comparative cultural standing is the central burden.",con,Dinesh D'Souza,Daniel Dennett,75,80,5.0,earlier
147,dennett-clayton-naturalism-ultimate-reality-2012,Daniel Dennett vs Philip Clayton: Naturalism and Ultimate Reality,"Mind, reason & logic","Consciousness, rationality, free will, logic, intelligibility, or reason's grounding is the central burden.",con,Philip Clayton,Daniel Dennett,82,85,3.0,earlier
148,baggett-dillahunty-moral-argument-2018,David Baggett vs Matt Dillahunty: The Moral Argument for God,Morality & ethics,"Objective moral truth, moral grounding, ethical authority, or the moral implications of a worldview is the central burden.",pro,David Baggett,Matt Dillahunty,85,86,1.0,earlier
150,licona-dillahunty-resurrection-evidence-2017,Mike Licona vs Matt Dillahunty: Was Jesus Raised from the Dead?,Resurrection,The historicity or explanatory adequacy of Jesus' resurrection is the central burden.,pro,Mike Licona,Matt Dillahunty,79,88,9.0,earlier
151,wood-dillahunty-god-secular-humanism-2020,David Wood vs Matt Dillahunty: God or Secular Humanism?,Morality & ethics,"Objective moral truth, moral grounding, ethical authority, or the moral implications of a worldview is the central burden.",pro,David Wood,Matt Dillahunty,79,84,5.0,earlier
152,knechtle-aron-ra-god-existence-2023,Stuart Knechtle vs Aron Ra: Does God Exist?,General theism / naturalism,"The motion broadly compares theism, atheism, or naturalism without one narrower topic dominating the stated burden.",pro,Stuart Knechtle,Aron Ra,71,78,7.0,earlier
155,turek-shermer-morality-god-science-2015,Frank Turek vs Michael Shermer: Is Morality Better Explained by God or Science?,Morality & ethics,"Objective moral truth, moral grounding, ethical authority, or the moral implications of a worldview is the central burden.",pro,Frank Turek,Michael Shermer,76,79,3.0,earlier
156,harris-prager-religion-morality-public-reason-2014,"Sam Harris vs Dennis Prager: Religion, Morality, and Public Reason",Morality & ethics,"Objective moral truth, moral grounding, ethical authority, or the moral implications of a worldview is the central burden.",pro,Dennis Prager,Sam Harris,70,81,11.0,earlier
157,dillahunty-howitt-christianity-true-2023,Matt Dillahunty vs Lewis Howitt: Is Christianity True?,"Scripture, revelation & doctrine","A scriptural claim, revelation, Christian doctrine, or the epistemic standing of faith is the central burden.",pro,Lewis Howitt (PerspectivePhilosophy),Matt Dillahunty,71,88,17.0,earlier
158,dillahunty-mclatchie-resurrection-evidence-2020,Matt Dillahunty vs Jonathan McLatchie: Is There Strong Evidence for the Resurrection?,Resurrection,The historicity or explanatory adequacy of Jesus' resurrection is the central burden.,pro,Dr Jonathan McLatchie,Matt Dillahunty,78,83,5.0,earlier
160,pinker-douthat-do-we-need-god-2026,Steven Pinker vs Ross Douthat: Do We Need God?,Morality & ethics,"Objective moral truth, moral grounding, ethical authority, or the moral implications of a worldview is the central burden.",pro,Ross Douthat,Steven Pinker,80,85,5.0,earlier
161,craig-millican-does-god-exist-2011,William Lane Craig vs Peter Millican: Does God Exist?,General theism / naturalism,"The motion broadly compares theism, atheism, or naturalism without one narrower topic dominating the stated burden.",pro,William Lane Craig,Peter Millican,75,87,12.0,earlier
162,craig-kagan-god-morality-2009,William Lane Craig vs Shelly Kagan: Is God Necessary for Morality?,Morality & ethics,"Objective moral truth, moral grounding, ethical authority, or the moral implications of a worldview is the central burden.",pro,William Lane Craig,Shelly Kagan,76,85,9.0,earlier
163,craig-draper-existence-of-god-1997,William Lane Craig vs Paul Draper: The Existence of God,General theism / naturalism,"The motion broadly compares theism, atheism, or naturalism without one narrower topic dominating the stated burden.",pro,William Lane Craig,Paul Draper,78,85,7.0,earlier
164,craig-wielenberg-god-morality-2018,William Lane Craig vs Erik Wielenberg: God and Morality,Morality & ethics,"Objective moral truth, moral grounding, ethical authority, or the moral implications of a worldview is the central burden.",pro,William Lane Craig,Erik Wielenberg,80,84,4.0,earlier
165,craig-rosenberg-faith-god-reasonable-2013,William Lane Craig vs Alex Rosenberg: Is Faith in God Reasonable?,General theism / naturalism,"The motion broadly compares theism, atheism, or naturalism without one narrower topic dominating the stated burden.",pro,William Lane Craig,Alex Rosenberg,81,76,-5.0,earlier
166,craig-atkins-does-god-exist-2011,William Lane Craig vs Peter Atkins: Does God Exist?,General theism / naturalism,"The motion broadly compares theism, atheism, or naturalism without one narrower topic dominating the stated burden.",pro,William Lane Craig,Peter Atkins,83,73,-10.0,earlier
167,craig-shook-existence-god-2008,William Lane Craig vs John Shook: The Existence of God,General theism / naturalism,"The motion broadly compares theism, atheism, or naturalism without one narrower topic dominating the stated burden.",pro,William Lane Craig,John Shook,76,83,7.0,earlier
168,craig-krauss-evidence-god-2012,William Lane Craig vs Lawrence Krauss: Is There Evidence for God?,"Cosmology, science & design","Cosmology, origins, fine-tuning, science, biological complexity, or an inference to design is the central burden.",pro,William Lane Craig,Lawrence Krauss,83,81,-2.0,earlier
169,lennox-krauss-universe-god-question-2013,"John Lennox vs Lawrence Krauss: Science, the Universe, and the God Question","Cosmology, science & design","Cosmology, origins, fine-tuning, science, biological complexity, or an inference to design is the central burden.",pro,John Lennox,Lawrence Krauss,76,84,8.0,earlier
170,singer-lennox-is-there-god-2011,Peter Singer vs John Lennox: Is There a God?,General theism / naturalism,"The motion broadly compares theism, atheism, or naturalism without one narrower topic dominating the stated burden.",pro,John Lennox,Peter Singer,75,86,11.0,earlier
171,hitchens-blair-religion-force-good-2010,Christopher Hitchens vs Tony Blair: Is Religion a Force for Good in the World?,"Religion, culture & meaning","Religion's social value, existential role, identity, practical effects, or comparative cultural standing is the central burden.",pro,Tony Blair,Christopher Hitchens,83,85,2.0,earlier
172,hitchens-mcgrath-religious-belief-2007,Christopher Hitchens vs Alister McGrath: Poison or Cure? Religious Belief in the Modern World,"Religion, culture & meaning","Religion's social value, existential role, identity, practical effects, or comparative cultural standing is the central burden.",pro,Alister McGrath,Christopher Hitchens,80,80,0.0,earlier
175,oppy-pearce-is-there-a-god-2022,Graham Oppy vs Kenny Pearce: Is There a God?,General theism / naturalism,"The motion broadly compares theism, atheism, or naturalism without one narrower topic dominating the stated burden.",pro,Kenny Pearce,Graham Oppy,84,88,4.0,earlier
176,ehrman-peter-williams-gospels-historically-reliable-2018,Bart Ehrman vs Peter J. Williams: Are the Gospels Historically Reliable?,"Scripture, revelation & doctrine","A scriptural claim, revelation, Christian doctrine, or the epistemic standing of faith is the central burden.",pro,Peter J. Williams,Bart Ehrman,83,86,3.0,earlier
177,ehrman-wallace-trust-text-new-testament-2011,Bart Ehrman vs Daniel B. Wallace: Can We Trust the Text of the New Testament?,"Scripture, revelation & doctrine","A scriptural claim, revelation, Christian doctrine, or the epistemic standing of faith is the central burden.",pro,Daniel B. Wallace,Bart Ehrman,83,88,5.0,earlier
178,ehrman-licona-who-wrote-gospels-2025,Bart Ehrman vs Michael Licona: Who Wrote the Gospels?,"Scripture, revelation & doctrine","A scriptural claim, revelation, Christian doctrine, or the epistemic standing of faith is the central burden.",pro,Michael Licona,Bart Ehrman,81,87,6.0,earlier
179,craig-ehrman-historical-evidence-resurrection-2006,William Lane Craig vs Bart Ehrman: Is There Historical Evidence for the Resurrection?,Resurrection,The historicity or explanatory adequacy of Jesus' resurrection is the central burden.,pro,William Lane Craig,Bart Ehrman,84,83,-1.0,earlier
181,habermas-flew-did-jesus-rise-dead-2000,Gary Habermas vs Antony Flew: Did Jesus Rise from the Dead?,Resurrection,The historicity or explanatory adequacy of Jesus' resurrection is the central burden.,pro,Gary Habermas,Antony Flew,87,86,-1.0,earlier
191,ruse-rana-origin-life-evolution-design-2013,Michael Ruse vs Fuz Rana: Evolution or Design at Life's Origin?,"Cosmology, science & design","Cosmology, origins, fine-tuning, science, biological complexity, or an inference to design is the central burden.",con,Fuz Rana,Michael Ruse,81,82,1.0,earlier
194,swinburne-millican-does-god-exist-2022,Richard Swinburne vs Peter Millican: Does God Exist?,General theism / naturalism,"The motion broadly compares theism, atheism, or naturalism without one narrower topic dominating the stated burden.",pro,Richard Swinburne,Peter Millican,81,88,7.0,earlier
195,russell-copleston-existence-of-god-1948,Bertrand Russell vs Frederick Copleston: Does God Exist?,General theism / naturalism,"The motion broadly compares theism, atheism, or naturalism without one narrower topic dominating the stated burden.",pro,Frederick Copleston,Bertrand Russell,78,80,2.0,earlier
196,huemer-rasmussen-god-existence-2026,Michael Huemer vs Joshua Rasmussen: Does God Exist?,General theism / naturalism,"The motion broadly compares theism, atheism, or naturalism without one narrower topic dominating the stated burden.",pro,Josh Rasmussen,Michael Huemer,77,79,2.0,later
197,mcgilchrist-seth-consciousness-god-2026,Iain McGilchrist vs Anil Seth: Does Consciousness Point to God?,"Mind, reason & logic","Consciousness, rationality, free will, logic, intelligibility, or reason's grounding is the central burden.",pro,Iain McGilchrist,Anil Seth,74,83,9.0,later
198,ferrer-dillahunty-god-morality-2018,John Ferrer vs Matt Dillahunty: Do We Need God for Morality?,Morality & ethics,"Objective moral truth, moral grounding, ethical authority, or the moral implications of a worldview is the central burden.",pro,John Ferrer,Matt Dillahunty,67,83,16.0,later
200,craig-stenger-god-existence-2010,William Lane Craig vs Victor Stenger: Does God Exist?,General theism / naturalism,"The motion broadly compares theism, atheism, or naturalism without one narrower topic dominating the stated burden.",pro,William Lane Craig,Victor Stenger,76,69,-7.0,later
202,dawkins-lennox-god-delusion-2007,Is Belief in God a Delusion? Richard Dawkins vs. John Lennox (2007),General theism / naturalism,"The motion broadly compares theism, atheism, or naturalism without one narrower topic dominating the stated burden.",con,John Lennox,Richard Dawkins,72,76,4.0,later
203,craig-flew-god-existence-1998,Does God Exist? William Lane Craig vs. Antony Flew (1998),General theism / naturalism,"The motion broadly compares theism, atheism, or naturalism without one narrower topic dominating the stated burden.",pro,William Lane Craig,Antony Flew,74,77,3.0,later
204,singer-dsouza-morality-without-god-2008,Can There Be Morality Without God? Dinesh D'Souza vs. Peter Singer (2008),Morality & ethics,"Objective moral truth, moral grounding, ethical authority, or the moral implications of a worldview is the central burden.",pro,Dinesh D'Souza,Peter Singer,71,81,10.0,later
205,horn-watkins-god-existence-2021,Does God Exist? Trent Horn vs. Ben Watkins (2021),General theism / naturalism,"The motion broadly compares theism, atheism, or naturalism without one narrower topic dominating the stated burden.",pro,Trent Horn,Ben Watkins,71,75,4.0,later
206,williams-dawkins-god-science-reality-2026,"God, Science and the Poetry of Reality: Rowan Williams vs. Richard Dawkins (2026)","Cosmology, science & design","Cosmology, origins, fine-tuning, science, biological complexity, or an inference to design is the central burden.",pro,Rowan Williams,Richard Dawkins,76,77,1.0,later
207,peterson-dawkins-memes-archetypes-truth-2024,"Memes, Archetypes, and Religious Truth: Jordan Peterson vs. Richard Dawkins (2024)","Religion, culture & meaning","Religion's social value, existential role, identity, practical effects, or comparative cultural standing is the central burden.",pro,Jordan Peterson,Richard Dawkins,74,86,12.0,later
209,oconnor-ruegger-divine-hiddenness-loving-god-2022,Divine Hiddenness and a Loving God: Alex O'Connor vs. Lukas Ruegger (2022),"Evil, suffering & hiddenness","Suffering, divine hiddenness, divine goodness, or the evidential problem of evil is the central burden.",con,Lukas Ruegger,Alex O'Connor,75,85,10.0,later
210,paterson-schmid-divine-hiddenness-relationship-2026,Divine Hiddenness and Religious Evidence: Joe Schmid vs. Dan Paterson (2026),"Evil, suffering & hiddenness","Suffering, divine hiddenness, divine goodness, or the evidential problem of evil is the central burden.",con,Dan Paterson,Joe Schmid,83,88,5.0,later
211,baggini-baker-hytch-divine-hiddenness-2025,Divine Hiddenness and Evidential Ambiguity: Julian Baggini vs. Max Baker-Hytch (2025),"Evil, suffering & hiddenness","Suffering, divine hiddenness, divine goodness, or the evidential problem of evil is the central burden.",con,Max Baker-Hytch,Julian Baggini,82,80,-2.0,later
212,craig-carrier-resurrection-2009,Resurrection Evidence and Naturalistic Alternatives: William Lane Craig vs. Richard Carrier (2009),Resurrection,The historicity or explanatory adequacy of Jesus' resurrection is the central burden.,pro,William Lane Craig,Richard Carrier,80,80,0.0,later
214,pageau-woodford-metaphorical-truth-2020,Metaphorical Truth and Religious Patterns: Jonathan Pageau vs. Stephen Woodford (2020),"Religion, culture & meaning","Religion's social value, existential role, identity, practical effects, or comparative cultural standing is the central burden.",pro,Jonathan Pageau,Stephen Woodford,74,78,4.0,later
215,horn-oconnor-christian-belief-2022,Why Be a Christian? Trent Horn vs. Alex O'Connor (2022),"Scripture, revelation & doctrine","A scriptural claim, revelation, Christian doctrine, or the epistemic standing of faith is the central burden.",pro,Trent Horn,Alex O'Connor,74,84,10.0,later
216,harris-wolpe-religion-science-2007,"Religion, Science, and Meaning: Sam Harris vs. David Wolpe (2007)","Religion, culture & meaning","Religion's social value, existential role, identity, practical effects, or comparative cultural standing is the central burden.",pro,David Wolpe,Sam Harris,68,83,15.0,later
217,douthat-oconnor-religious-belief-obligation-2026,Religious Belief as an Obligation: Ross Douthat vs. Alex O'Connor (2026),"Religion, culture & meaning","Religion's social value, existential role, identity, practical effects, or comparative cultural standing is the central burden.",pro,Ross Douthat,Alex O'Connor,69,84,15.0,later
218,mcgrath-oconnor-new-atheism-failure-2023,Has New Atheism Failed? Alister McGrath vs. Alex O'Connor (2023),"Religion, culture & meaning","Religion's social value, existential role, identity, practical effects, or comparative cultural standing is the central burden.",pro,Alister McGrath,Alex O'Connor,73,83,10.0,later
219,shermer-mcgrath-god-imagination-2017,Is God a Figment of Our Imagination? Michael Shermer vs. Alister McGrath (2017),General theism / naturalism,"The motion broadly compares theism, atheism, or naturalism without one narrower topic dominating the stated burden.",con,Alister McGrath,Michael Shermer,72,77,5.0,later
220,hirsi-ali-oconnor-christian-conversion-2024,Does Christian Conversion Establish Truth? Ayaan Hirsi Ali vs. Alex O'Connor (2024),"Scripture, revelation & doctrine","A scriptural claim, revelation, Christian doctrine, or the epistemic standing of faith is the central burden.",pro,Ayaan Hirsi Ali,Alex O'Connor,71,83,12.0,later
222,lennox-shermer-god-existence-2008,Does God Exist? John Lennox vs. Michael Shermer (2008),General theism / naturalism,"The motion broadly compares theism, atheism, or naturalism without one narrower topic dominating the stated burden.",pro,John Lennox,Michael Shermer,76,81,5.0,later
223,collins-dawkins-science-belief-god-2022,Science and Belief in God: Francis Collins vs. Richard Dawkins (2022),"Cosmology, science & design","Cosmology, origins, fine-tuning, science, biological complexity, or an inference to design is the central burden.",pro,Francis Collins,Richard Dawkins,76,83,7.0,later
