number,debate_id,title,theist_side,official_margin,logicalCoherence_contribution,evidenceWarrant_contribution,responsiveness_contribution,relevanceBurden_contribution,precisionClarity_contribution,calibrationCharity_contribution,adjustment_gap,rounding_residual
01,craig-oconnor-god-debate-2026,Alex O'Connor vs William Lane Craig: Does God Exist?,pro,6.0,2.215,2.252000000000001,-0.7150000000000006,-0.23175000000000023,0.6899999999999992,1.7394999999999996,0,0.050250000000001016
02,craig-hitchens-god-existence-2009,William Lane Craig vs Christopher Hitchens: Does God Exist?,pro,4.0,1.2354999999999983,1.7554000000000003,0.4656000000000006,0.049050000000001856,-0.03999999999999915,1.1998999999999995,0,-0.6654500000000017
03,hitchens-dsouza-religion-problem-2010,Christopher Hitchens vs Dinesh D'Souza: Is Religion the Problem?,con,8.0,2.5867499999999986,2.2214,1.698400000000001,0.009000000000000341,0.43250000000000033,1.3557999999999995,0,-0.3038500000000006
05,dillahunty-ten-bruggencate-reasonable-god-2014,Matt Dillahunty vs Sye Ten Bruggencate: Is It Reasonable to Believe God Exists?,pro,24.0,6.810000000000002,6.421999999999999,4.857000000000003,0.43049999999999855,1.8049999999999997,3.308,0,0.3674999999999997
06,dsouza-dillahunty-god-woman-2023,Dinesh D'Souza vs Matt Dillahunty: Does God Exist? What Is a Woman?,pro,10.0,2.6057500000000005,2.396599999999998,2.9813999999999994,0.7488000000000007,0.7295000000000003,1.009400000000001,0,-0.47144999999999904
07,wood-oconnor-jesus-claim-god-2025,David Wood vs Alex O'Connor: Did Jesus Claim to Be God?,pro,7.0,2.1975000000000016,1.0807999999999993,0.7468000000000018,-0.13589999999999874,1.238000000000001,1.6074000000000013,0,0.2653999999999934
08,wood-shermer-god-exist-2022,David Wood vs Michael Shermer: Does God Exist?,pro,7.0,1.8912499999999994,2.7464,0.9126000000000005,0.057750000000000766,0.2709999999999994,1.1851,0,-0.06409999999999982
09,peterson-dillahunty-god-debate-2023,Jordan Peterson vs Matt Dillahunty: The Greatest God Debate In History,pro,16.0,4.068750000000001,3.1050000000000013,3.919999999999999,0.7574999999999995,1.7625000000000002,2.0575000000000006,0,0.32874999999999766
10,craig-harris-moral-foundations-2011,William Lane Craig vs Sam Harris: The God Debate II,pro,0.0,0.4917499999999997,0.8210000000000008,-1.2877999999999987,-0.006149999999999522,-0.07000000000000028,0.3734000000000009,0,-0.3222000000000029
11,dsouza-ehrman-god-suffering-evil-2025,"Dinesh D'Souza vs Bart Ehrman: God, Suffering, and Evil",pro,8.0,2.230000000000004,1.9628000000000014,1.6427999999999998,0.23490000000000036,0.6980000000000018,1.1552000000000007,0,0.07629999999999182
12,settecase-jump-evidence-for-god-2025,Joel Settecase vs Tom Jump: Is There Evidence for God?,pro,-6.0,-1.605999999999998,-0.9276000000000011,-1.8160000000000054,0.10679999999999623,-0.9219999999999999,-0.5823999999999998,0,-0.2527999999999917
13,knechtle-oconnor-christian-morality-2025,"Cliffe Knechtle vs Alex O'Connor: Christianity, Scripture, and Morality",pro,11.0,3.8197499999999955,4.214400000000004,0.003000000000002956,0.09720000000000155,0.9699999999999989,2.6983999999999995,0,-0.8027500000000014
14,jones-carrier-god-existence-2025,Michael Jones vs Richard Carrier: Does God Exist?,pro,-1.0,-0.645500000000002,0.11499999999999916,0.06140000000000043,0.04994999999999976,-0.2140000000000015,0.014900000000000092,0,-0.38174999999999604
15,hitchens-lennox-is-god-great-2017,Christopher Hitchens vs John Lennox: Is God Great?,pro,4.0,1.2727499999999985,1.3638000000000006,1.2856000000000023,-0.6930000000000006,-0.07500000000000001,0.8848000000000014,0,-0.03895000000000248
16,hirsi-ali-dawkins-god-debate-2024,Ayaan Hirsi Ali vs Richard Dawkins: The God Debate,pro,10.0,2.743500000000001,3.1645999999999987,1.899799999999999,0.4739999999999995,0.8280000000000002,1.0278999999999996,0,-0.1377999999999986
17,collins-oconnor-god-existence-2024,Francis Collins vs Alex O'Connor: Does God Exist?,pro,9.0,2.7664999999999935,1.9814000000000023,2.2817999999999983,0.2859000000000009,1.398000000000002,1.3204999999999985,0,-1.0340999999999951
20,hitchens-hitchens-iraq-god-2008,"Christopher Hitchens vs Peter Hitchens: Iraq, God, and Moral Authority",con,2.0,1.0037500000000001,0.8140000000000015,0.004000000000002046,-0.2730000000000011,0.3049999999999997,0.26000000000000084,0,-0.11375000000000313
21,hitchens-wolpe-great-god-debate-2010,Christopher Hitchens vs Rabbi David Wolpe: The Great God Debate,con,9.0,2.321999999999999,2.5404000000000013,1.7331999999999994,0.5267999999999979,0.597999999999999,0.961,0,0.31860000000000355
22,turek-hitchens-god-existence-2008,Frank Turek vs Christopher Hitchens: Does God Exist?,pro,7.0,2.8264999999999993,2.7099999999999995,-0.10279999999999917,0.6770999999999994,0.2900000000000006,1.0427999999999997,0,-0.4435999999999991
24,hitchens-olasky-religion-grace-2007,"Christopher Hitchens vs Marvin Olasky: Religion, Grace, and Secular Morality",con,-2.0,-0.5079999999999991,0.024399999999999977,0.23060000000000117,-0.4371000000000045,-0.7410000000000011,-0.5131,0,-0.05579999999999652
25,hitchens-ramadan-islam-peace-2010,Christopher Hitchens vs Tariq Ramadan: Is Islam a Religion of Peace?,con,-2.0,-1.3262499999999982,-0.2799999999999983,1.6379999999999997,-0.3,-0.9299999999999997,-0.7040000000000006,0,-0.09775000000000289
26,turek-hitchens-reality-theism-atheism-2011,Frank Turek vs Christopher Hitchens: What Best Explains Reality?,pro,9.0,2.821249999999999,1.875,2.278000000000003,-0.19950000000000187,0.7299999999999998,1.5579999999999998,0,-0.06274999999999942
27,oconnor-turek-evil-moral-argument-2017,Alex O'Connor vs Frank Turek: The Moral Argument Debate,pro,11.0,3.852000000000004,3.5416,-0.25519999999999643,0.35280000000000056,1.346000000000001,1.847999999999999,0,0.31479999999999286
28,turek-shermer-reality-theism-atheism-2018,Frank Turek vs Michael Shermer: What Best Explains Reality?,pro,11.0,3.4012500000000045,3.222799999999998,1.8594000000000024,-0.005549999999998789,0.6020000000000011,1.8740999999999985,0,0.045999999999994046
29,turek-silverman-reality-theism-atheism-2013,Frank Turek vs David Silverman: Which Better Explains Reality?,pro,1.0,0.8435000000000024,0.5831999999999994,-0.8211999999999962,-0.012599999999998345,0.7319999999999993,0.12080000000000127,0,-0.44570000000000776
30,lowder-turek-naturalism-theism-2016,Jeffery Jay Lowder vs Frank Turek: Naturalism or Theism?,con,15.0,4.266750000000005,4.125000000000003,3.1499999999999972,0.48209999999999975,1.1829999999999998,2.199900000000001,0,-0.40675000000000594
31,oconnor-craig-resurrection-2023,Alex O'Connor vs William Lane Craig: Did Jesus Rise From the Dead?,pro,2.0,0.23124999999999574,0.26500000000000057,1.9149999999999978,-0.2812500000000043,0.275,0.6375000000000001,0,-1.0424999999999898
33,craig-carroll-god-cosmology-2014,William Lane Craig vs Sean Carroll: God and Cosmology,pro,7.0,1.8555000000000064,1.2864000000000004,1.422800000000001,0.6420000000000001,0.8840000000000003,0.9944000000000017,0,-0.0851000000000095
36,carroll-halvorson-metaphysics-worldview-2016,Sean Carroll vs Hans Halvorson: Metaphysics,con,-3.0,-0.9140000000000015,-0.3768000000000001,-1.847999999999999,0.21600000000000177,0.10000000000000285,-0.7298000000000002,0,0.552599999999996
37,ehrman-bass-resurrection-history-2023,Bart Ehrman vs Justin Bass: Did Jesus of Nazareth Rise From the Dead?,pro,10.0,2.906500000000001,2.5420000000000016,2.3636000000000026,0.8100000000000029,0.8919999999999988,1.0171999999999983,0,-0.5313000000000052
39,lambert-jones-christian-faith-skepticism-2021,Derek Lambert vs Michael Jones: Atheist and Christian Discussion,pro,2.0,0.28600000000000136,0.8548000000000002,1.491599999999997,0.009900000000002506,0.25999999999999945,0.3453999999999994,0,-1.2477
42,schmid-tomaszewski-divine-simplicity-2020,Joe Schmid vs Chris Tomaszewski: Is Divine Simplicity True?,pro,1.0,1.1075000000000017,0.8920000000000017,-0.6829999999999985,-0.2279999999999994,-0.30000000000000004,0.2680000000000007,0,-0.05650000000000621
43,meyer-halper-cosmology-fine-tuning-2026,Stephen Meyer vs Phil Halper: The Big Bang and Fine-Tuning,pro,11.0,3.243750000000002,2.4099999999999997,1.5080000000000013,0.1342499999999994,1.55,1.6175000000000013,0,0.5364999999999966
46,shapiro-oconnor-atheist-delusion-society-2023,"Ben Shapiro vs Alex O'Connor: The Atheist Delusion, Free Will, and Society",pro,16.0,3.912499999999998,4.452000000000001,3.065000000000001,0.1800000000000004,2.0599999999999996,2.268499999999999,0,0.062000000000001165
47,jones-krauss-christianity-secular-ethics-2025,Michael Jones vs Lawrence Krauss: Christianity or Secular Ethics - What's Best for Society?,pro,-3.0,-0.38149999999999906,-1.1823999999999983,-1.242799999999997,-0.09299999999999854,0.12999999999999973,-0.09939999999999999,0,-0.13090000000000668
48,scrivener-folley-hiddenness-evil-moral-narrative-2025,"Glen Scrivener vs Joe Folley: Morality, Evil, Consciousness, and Christian Narrative",pro,10.0,3.3924999999999983,2.4018000000000033,1.3052000000000021,0.28815000000000096,1.6049999999999998,1.4193000000000013,0,-0.41195000000000626
49,dyer-dillahunty-transcendental-theism-2019,Jay Dyer vs Matt Dillahunty: Transcendental Argument for Theism,pro,13.0,3.5747500000000016,3.3067999999999986,3.271333333333334,0.48635000000000017,0.6566666666666663,1.8846333333333334,0,-0.18053333333333477
50,knechtle-dillahunty-christianity-true-2023,Cliffe Knechtle vs Matt Dillahunty: Is Christianity True?,pro,17.0,4.184999999999999,3.3560000000000016,4.5729999999999995,0.2872499999999988,1.5650000000000006,2.3084999999999996,0,0.7252500000000026
51,lennox-atkins-duelling-professors-2012,John Lennox vs Peter Atkins: Duelling Professors on Science and God,pro,-7.0,-2.3922500000000007,-1.3421999999999983,-2.952200000000002,0.4218000000000018,-0.9834999999999994,-0.2809000000000012,0,0.5292500000000002
52,horn-dillahunty-resurrection-reasonable-2021,Trent Horn vs Matt Dillahunty: Is Belief in the Resurrection Reasonable?,pro,1.0,0.3179999999999943,0.49440000000000456,0.035999999999998526,-0.008999999999998209,0.33200000000000074,0.3980000000000004,0,-0.5694000000000004
53,oconnor-dsouza-bible-true-2024,Alex O'Connor vs Dinesh D'Souza: Is the Bible True?,pro,15.0,4.34375,3.617999999999998,3.350000000000003,0.24600000000000222,1.7950000000000004,2.222500000000001,0,-0.575250000000004
54,jones-law-christianity-humanism-future-2025,Michael Jones vs Stephen Law: Christianity vs Humanism,pro,9.0,2.578249999999997,2.318000000000001,2.553000000000003,-0.20204999999999912,0.9804999999999993,1.2898999999999987,0,-0.5175999999999998
55,craig-malpass-kalam-nothing-2026,William Lane Craig vs Alex Malpass: Can Something Come From Nothing?,pro,16.0,5.389750000000003,4.110400000000001,2.2110000000000043,0.2541000000000004,0.9980000000000004,2.301300000000001,0,0.7354499999999895
57,scrivener-dillahunty-atheism-morality-2020,Glen Scrivener vs Matt Dillahunty: Can Atheism Deliver a Better World?,pro,9.0,1.7087499999999984,1.8,3.3069999999999995,-0.2685000000000009,1.1500000000000001,1.2430000000000008,0,0.059750000000002856
58,dillahunty-slick-secular-humanism-christianity-2016,Matt Dillahunty vs Matt Slick: Is Secular Humanism Superior to Christianity?,con,8.0,2.934000000000001,2.746800000000002,0.7267999999999972,0.30420000000000086,0.4340000000000018,1.2725999999999986,0,-0.4184000000000019
59,bollore-halper-god-science-evidence-2026,Michel-Yves Bollore vs Phil Halper: Does Science Point to God?,pro,19.0,6.128749999999998,5.8210000000000015,3.0319999999999996,0.24375,1.5150000000000006,2.5785000000000005,0,-0.31899999999999906
60,horn-oconnor-jesus-resurrection-2026,Trent Horn vs Alex O'Connor: Did Jesus Rise From the Dead?,pro,8.0,1.210250000000002,1.1631999999999978,4.065599999999998,-0.24494999999999933,0.9259999999999992,1.0381999999999978,0,-0.15829999999999522
61,scrivener-oconnor-morality-bible-slavery-2026,"Glen Scrivener vs Alex O'Connor: Morality, Freedom, Slavery, and the Bible",pro,8.0,2.8674999999999997,2.3660000000000028,0.6140000000000015,-0.5655000000000016,0.9900000000000007,1.7409999999999997,0,-0.013000000000003453
62,pageau-folley-logos-meaning-resurrection-2026,"Jonathan Pageau vs Joe Folley: Genesis, Jesus, Science, and Faith",pro,12.0,4.404499999999999,3.272800000000001,1.8341999999999985,0.010199999999999676,1.4159999999999997,1.7096000000000005,0,-0.6472999999999978
63,butt-shermer-god-bible-2023,Kyle Butt vs Michael Shermer: Does the God of the Bible Exist?,pro,15.0,3.981250000000003,3.646999999999997,3.565999999999997,0.9539999999999998,1.3599999999999994,1.9379999999999997,0,-0.4462499999999956
64,pine-watkins-god-existence-2020,Gregory Pine vs Ben Watkins: Does God Exist?,pro,7.0,1.4337500000000034,1.2400000000000007,2.2820000000000022,0.18224999999999839,0.5850000000000009,0.8884999999999992,0,0.3884999999999952
65,donahue-malpass-fine-tuning-god-2026,Miles K. Donahue vs Alex Malpass: Does Fine-Tuning Point to God?,pro,1.0,0.4174999999999969,0.4189999999999998,0.08299999999999841,-0.6765000000000008,-0.30000000000000004,0.5219999999999985,0,0.5350000000000072
66,donahue-fodor-case-against-christianity-2025,Miles K. Donahue vs James Fodor: The Case Against Christianity,pro,2.0,1.600249999999999,1.4327999999999976,-2.199000000000004,-0.2970000000000027,0.3300000000000012,1.0310999999999992,0,0.10185000000000954
67,jones-fodor-digital-physics-god-2021,Michael Jones vs James Fodor: The Digital Physics Argument for God,pro,16.0,4.588749999999997,3.6640000000000015,4.4238,0.3730500000000013,1.1120000000000005,1.7834000000000003,0,0.054999999999999716
68,jones-dillahunty-quantum-idealism-demonstrability-2026,Michael Jones vs Matt Dillahunty: Quantum Idealism and Demonstrability,pro,17.0,3.837500000000002,3.4399999999999977,6.085000000000003,0.5550000000000004,1.1500000000000001,1.7899999999999991,0,0.1424999999999983
69,winger-dillahunty-resurrection-unreasonable-2019,Mike Winger vs Matt Dillahunty: Is Belief in the Resurrection Unreasonable?,pro,6.0,1.8030000000000008,0.9819999999999993,1.6812000000000014,0.6404999999999994,-0.09799999999999898,1.2362000000000024,0,-0.24490000000000478
70,malpass-anderson-logic-god-2021,Alex Malpass vs James Anderson: Does Logic Prove God?,pro,-4.0,-0.3262500000000017,-0.36299999999999955,-2.7860000000000014,0.05549999999999855,-1.1300000000000012,0.235499999999999,0,0.3142500000000066
72,dyer-malpass-tag-argument-2019,Jay Dyer vs Alex Malpass: The TAG Argument,pro,17.0,4.641000000000002,3.6271999999999966,4.3812000000000015,-0.003299999999996572,1.6280000000000001,2.169800000000001,0,0.5560999999999972
74,rasmussen-malpass-suffering-causal-finitism-2021,"Josh Rasmussen vs Alex Malpass: Suffering, Theism, and Causal Finitism",pro,7.0,2.2680000000000007,2.219199999999998,0.7987999999999972,-0.2862000000000023,0.5099999999999995,1.0073999999999999,0,0.4828000000000072
75,rasmussen-clifton-contingency-argument-2019,Josh Rasmussen vs Scott Clifton: Is the Contingency Argument Persuasive?,pro,8.0,1.571749999999998,0.9230000000000018,2.821000000000001,0.702000000000001,0.9900000000000007,1.0028000000000021,0,-0.010550000000003834
76,craig-oppy-mathematics-theism-2020,William Lane Craig vs Graham Oppy: Does Math Point to God?,pro,3.0,1.1965000000000003,0.7843999999999967,-0.18759999999999766,-0.3569999999999993,0.0980000000000004,0.8065999999999989,0,0.6591000000000009
77,feser-oppy-arguments-for-god-2020,Ed Feser vs Graham Oppy: Are There Any Good Arguments for God?,pro,-5.0,-2.2129999999999974,-1.8355999999999995,-0.12560000000000002,0.4577999999999989,-0.3579999999999999,-1.2898000000000012,0,0.3641999999999994
78,albrecht-oppy-resurrection-ancient-christianity-2023,William Albrecht vs Graham Oppy: Resurrection and Ancient Christianity,pro,7.0,1.7205000000000013,0.39459999999999984,1.8586000000000042,0.4257000000000012,0.7100000000000009,1.4842,0,0.40639999999999254
79,swinburne-oppy-theism-probability-2022,Richard Swinburne vs Graham Oppy: Is Theism Probable?,pro,5.0,1.8725000000000023,1.0620000000000005,1.045999999999998,-0.6577500000000007,0.45499999999999974,1.3605000000000005,0,-0.1382500000000002
80,rasmussen-schmid-argument-from-limits-2023,Josh Rasmussen vs Joe Schmid: The Argument from Limits,pro,6.0,1.7942499999999981,1.3078000000000003,0.6335999999999985,0.09089999999999918,1.0700000000000003,0.4924999999999997,0,0.6109500000000043
81,rasmussen-oppy-ultimate-reality-naturalism-2020,"Josh Rasmussen vs Graham Oppy: Theism, Naturalism, and Ultimate Reality",pro,4.0,1.6062499999999957,0.9200000000000017,0.5750000000000001,0.02249999999999659,0.675,0.12250000000000086,0,0.0787500000000052
83,loke-oppy-kalam-causal-principle-2020,Andrew Loke vs Graham Oppy: Is the Kalam Sound?,pro,12.0,3.9939999999999998,2.5964000000000014,2.925200000000004,0.20669999999999789,1.310000000000001,1.4248000000000005,0,-0.45710000000000406
85,atkins-fox-god-science-future-humanity-2024,Peter Atkins vs Keith Fox: God vs Science Debate,con,-15.0,-4.349499999999999,-3.5976,-2.7975999999999974,0.7614000000000011,-2.047,-3.1428000000000007,0,0.17309999999999626
86,egnor-dillahunty-god-existence-2021,Michael Egnor vs Matt Dillahunty: Does God Exist?,pro,12.0,4.0275,3.391,1.6219999999999999,0.28125,1.1,1.2765000000000002,0,0.3017500000000002
87,christopoulos-dillahunty-resurrection-historical-event-2024,Than Christopoulos vs Matt Dillahunty: Is the Resurrection a Historical Event?,pro,9.0,2.5322500000000012,1.3900000000000006,2.5746000000000038,0.6697499999999984,0.9900000000000007,1.0040999999999998,0,-0.16070000000000384
88,sechler-dillahunty-perfect-mind-universe-2022,Zac Sechler vs Matt Dillahunty: Did a Perfect Mind Create the Universe?,pro,4.0,0.4125000000000014,2.2120000000000006,1.920999999999998,-0.21300000000000238,0.22999999999999973,-0.12450000000000046,0,-0.43799999999999706
89,bignon-oppy-religious-experience-god-2022,Guillaume Bignon vs Graham Oppy: Religious Experience and the Case for God,pro,5.0,1.4437500000000014,2.1599999999999997,0.5369999999999976,0.11999999999999957,-0.2,0.922999999999999,0,0.016250000000002984
90,akin-ehrman-gospels-historically-reliable-2022,Jimmy Akin vs Bart Ehrman: Are the Gospels Historically Reliable?,pro,7.0,1.4975000000000023,1.6437999999999988,2.2771999999999992,0.588600000000001,0.4910000000000011,0.6645999999999987,0,-0.16270000000000095
91,cutter-oppy-mind-brain-harmony-god-2025,Brian Cutter vs Graham Oppy: Does Mind-Brain Harmony Point to God?,pro,0.0,-0.46999999999999886,-0.5476000000000028,0.9835999999999985,-0.27719999999999984,0.4719999999999985,-0.25559999999999833,0,0.09480000000000283
92,craig-malpass-universe-begin-exist-2020,William Lane Craig vs Alex Malpass: Did the Universe Begin to Exist?,pro,11.0,4.227499999999999,3.191199999999998,1.2828000000000004,-0.11430000000000007,0.8899999999999992,2.2403999999999997,0,-0.7175999999999974
93,hunter-dillahunty-christian-god-exist-2019,Braxton Hunter vs Matt Dillahunty: Does the Christian God Exist?,pro,9.0,3.0732500000000016,2.7927999999999997,0.5206000000000017,0.195750000000001,1.2199999999999989,1.4104999999999976,0,-0.2129000000000012
94,swinburne-huemer-theism-coherent-2026,Richard Swinburne vs Michael Huemer: Is Theism Coherent?,pro,8.0,1.4607500000000009,1.570400000000001,3.1616000000000017,0.9393,0.47600000000000053,0.11579999999999871,0,0.2761499999999968
97,holland-grayling-christianity-human-values-2019,Tom Holland vs A. C. Grayling: Did Christianity Give Us Our Human Values?,pro,6.0,1.6132500000000007,1.7349999999999994,1.0829999999999984,-0.2811000000000014,0.8625,0.9211999999999989,0,0.06615000000000393
98,craig-grayling-evil-god-reasonable-2011,William Lane Craig vs A. C. Grayling: Is Belief in God Reasonable in Light of Evil?,pro,2.0,-0.4522500000000029,0.8383999999999987,0.9644000000000006,-0.1335000000000001,-0.25200000000000106,0.23180000000000264,0,0.8031500000000023
99,jones-jump-digital-physics-god-2019,Michael Jones vs Tom Jump: Does God Exist?,pro,4.0,1.0217500000000008,1.0897999999999997,1.305200000000005,0.19289999999999807,0.1039999999999992,0.160799999999999,0,0.12554999999999827
100,jones-dillahunty-emergent-mind-god-2020,Michael Jones vs Matt Dillahunty: Reason to Believe in God?,pro,18.0,5.629000000000001,4.752400000000004,2.965399999999997,0.2970000000000006,2.15,2.6896000000000018,0,-0.48340000000000316
101,woodford-scrivener-religion-poisons-everything-2026,Stephen Woodford vs Glen Scrivener: Does Religion Poison Everything?,con,3.0,0.9229999999999983,0.20360000000000014,0.5991999999999991,0.4104000000000006,0.2200000000000003,0.3954000000000008,0,0.24840000000000062
102,woodford-brierley-christianity-rational-2019,Stephen Woodford vs Justin Brierley: Is Christianity Rational?,con,5.0,1.2950000000000017,1.2751999999999981,1.3165999999999969,0.18599999999999922,0.42199999999999993,0.7693999999999989,0,-0.26419999999999444
103,woodford-edwards-rational-belief-god-2023,Stephen Woodford vs Simon Edwards: Is It Rational to Believe in God?,con,4.0,1.740000000000002,2.2149999999999976,0.7980000000000047,-0.44849999999999923,0.15999999999999945,0.4315000000000012,0,-0.8960000000000061
104,oconnor-baker-hytch-argument-from-reason-2020,Alex O'Connor vs Max Baker-Hytch: The Argument for God From Reason,pro,-2.0,-0.7624999999999993,-0.3039999999999992,-0.10099999999999909,0.0660000000000018,-0.7799999999999998,0.054500000000001596,0,-0.17300000000000604
106,peterson-blackmore-god-meaning-life-2018,Jordan Peterson vs Susan Blackmore: Do We Need God to Make Sense of Life?,pro,11.0,3.2940000000000005,2.305000000000001,2.3659999999999997,-0.23699999999999974,1.258,1.9605000000000006,0,0.05349999999999788
107,lennox-ruse-science-faith-evidence-god-2018,"John Lennox vs Michael Ruse: Science, Faith, and the Evidence for God",pro,6.0,1.2675000000000018,1.8119999999999976,1.795999999999998,0.3539999999999999,-0.13999999999999915,0.9520000000000011,0,-0.041499999999999204
108,ward-ruse-mind-consciousness-god-2013,"Keith Ward vs Michael Ruse: Mind, Consciousness, and God",pro,2.0,1.886250000000004,1.2144000000000006,-0.8424000000000007,0.23400000000000032,0.20200000000000104,-0.06469999999999913,0,-0.6295500000000063
109,mclatchie-oconnor-theism-naturalism-reality-2022,Jonathan McLatchie vs Alex O'Connor: Theism or Naturalism?,pro,9.0,2.327499999999997,2.052000000000001,2.5160000000000053,0.014999999999999146,0.9650000000000006,1.4515000000000002,0,-0.3270000000000035
112,copan-woodford-belief-god-reasonable-2024,Paul Copan vs Stephen Woodford: Is Belief in God Reasonable?,pro,3.0,0.7325000000000017,0.7590000000000003,1.2039999999999964,0.3150000000000013,0.07000000000000028,0.5280000000000001,0,-0.6085000000000003
113,dirckx-woodford-god-suffering-2024,Sharon Dirckx vs Stephen Woodford: Why Doesn't God Stop Suffering?,pro,1.0,-1.0500000000000007,-0.22999999999999546,3.6400000000000037,0.9000000000000021,-0.875,-1.0050000000000012,0,-0.38000000000000833
114,dirckx-goff-consciousness-points-god-2019,Sharon Dirckx vs Philip Goff: Does Consciousness Point to God?,pro,2.0,0.36291666666667055,0.26966666666666583,1.4650000000000007,0.1292500000000018,-0.10833333333333428,-0.049166666666666005,0,-0.06933333333333858
116,bertuzzi-schieber-evil-evidence-2019,Cameron Bertuzzi vs Justin Schieber: The Problem of Evil,pro,9.0,2.34375,2.413,2.318000000000001,-0.11699999999999804,0.9600000000000009,0.8029999999999987,0,0.27924999999999756
117,bertuzzi-oconnor-contingency-argument-2018,Alex O'Connor vs Cameron Bertuzzi: Something From Nothing?,pro,6.0,0.7519999999999989,1.2371999999999987,2.3576000000000024,1.1900999999999995,0.0,0.7051999999999993,0,-0.24209999999999887
118,hernandez-schieber-god-existence-2023,Eric Hernandez vs Justin Schieber: Does God Exist?,pro,11.0,2.925500000000003,2.3899999999999992,2.4735999999999936,-0.2352000000000018,1.2900000000000007,1.8414000000000001,0,0.31470000000000553
119,jones-oconnor-hell-2023,Michael Jones vs Alex O'Connor: Does God Send People to Hell?,pro,7.0,2.3084999999999987,2.1012,0.10559999999999832,-0.08700000000000187,1.336,0.9760000000000005,0,0.25970000000000404
120,mclatchie-oconnor-christianity-true-2019,Jonathan McLatchie vs Alex O'Connor: Is Christianity True?,pro,0.0,0.6545833333333348,0.25900000000000034,-1.1797333333333313,-0.23324999999999887,0.11400000000000006,0.2793666666666681,0,0.10603333333332683
121,dawkins-lennox-science-buried-god-2017,Richard Dawkins vs John Lennox: Has Science Buried God?,pro,6.0,1.1024999999999991,1.9189999999999998,2.870000000000002,-0.16124999999999828,-0.020000000000000285,0.06849999999999881,0,0.22124999999999861
122,horn-oconnor-god-existence-2020,Trent Horn vs Alex O'Connor: Does God Exist?,pro,6.0,1.694499999999998,2.0536000000000003,1.102800000000002,-0.4109999999999992,0.9040000000000007,1.4958,0,-0.8397000000000014
123,oconnor-pine-divine-hiddenness-2024,Gregory Pine vs Alex O'Connor: The Divine Hiddenness Problem,pro,13.0,2.4299999999999997,2.278,5.998999999999999,-0.01799999999999855,1.4000000000000001,1.4535000000000011,0,-0.5425000000000004
124,harris-peterson-god-atheism-bible-2018,"Sam Harris vs Jordan Peterson: God, Atheism, The Bible, Jesus",pro,6.0,2.016750000000002,1.526600000000002,1.475800000000004,0.07499999999999786,0.7070000000000007,0.3300999999999988,0,-0.13125000000000497
126,craig-clifton-kalam-cosmological-argument-2021,William Lane Craig vs Scott Clifton: The Kalam Cosmological Argument,pro,6.0,2.2650000000000006,1.9536000000000031,0.8472000000000008,-0.4847999999999999,0.35200000000000103,1.3299999999999998,0,-0.26300000000000523
127,slick-clifton-objective-morality-god-2014,Matt Slick vs Scott Clifton: Does Objective Morality Require God?,pro,19.0,5.597499999999993,4.296000000000001,4.560000000000005,-0.06299999999999813,1.6,2.7150000000000007,0,0.2944999999999993
128,craig-law-evil-god-challenge-2011,William Lane Craig vs Stephen Law: Does God Exist?,pro,12.0,3.5174999999999983,3.1600000000000024,2.4060000000000006,0.5505000000000002,0.675,2.3364999999999996,0,-0.645500000000002
130,licona-carrier-resurrection-history-2010,Mike Licona vs Richard Carrier: Did Jesus Rise From the Dead?,pro,3.0,0.3125,0.8849999999999995,1.1749999999999972,-0.19125000000000084,0.07500000000000001,0.2900000000000006,0,0.45375000000000343
136,douthat-ehrman-resurrection-gospel-history-2026,Ross Douthat vs Bart Ehrman: Did Jesus Rise From the Dead?,pro,2.0,1.0437500000000028,1.392999999999998,-1.7969999999999944,-0.11475000000000007,0.9349999999999995,0.2635000000000005,0,0.27649999999999353
137,price-craig-resurrection-historical-analogy-1999,Robert Price vs William Lane Craig: Did Jesus Rise From the Dead?,pro,-3.0,-1.5109999999999957,-2.0087999999999995,1.148000000000002,-0.2808,-0.3959999999999994,0.08319999999999937,0,-0.03460000000000685
138,albrecht-price-bodily-resurrection-2022,William Albrecht vs Robert Price: Did Jesus Bodily Rise from the Dead?,pro,2.0,0.7310000000000052,0.23559999999999948,0.8140000000000044,0.27314999999999756,-0.029999999999999718,0.05249999999999915,0,-0.07625000000000615
139,adelstein-dillahunty-belief-god-2025,Matthew Adelstein vs Matt Dillahunty: Should We Believe in God?,pro,8.0,2.5949999999999953,2.5233999999999983,1.477400000000003,-0.7097999999999999,1.4340000000000004,1.349600000000001,0,-0.6695999999999973
140,rhodes-dillahunty-evidence-god-2021,Kenny Rhodes vs Matt Dillahunty: Is There Evidence for God?,pro,18.0,6.10375,5.366000000000001,2.3689999999999998,0.022500000000000853,1.7200000000000004,2.6145000000000005,0,-0.19575000000000387
141,fischer-dillahunty-axiomatic-evidence-god-2020,Ben Fischer vs Matt Dillahunty: Is There Good Evidence for God?,pro,18.0,5.858499999999999,5.464133333333334,2.267399999999998,0.5926999999999986,2.1548333333333334,2.116533333333334,0,-0.45409999999999684
142,comfort-dillahunty-gospel-atonement-2020,Ray Comfort vs Matt Dillahunty: Does the Gospel Make Sense?,pro,18.0,4.89325,5.658000000000005,4.173999999999999,0.21779999999999972,1.0980000000000005,2.4735000000000014,0,-0.5145500000000034
143,vela-dillahunty-transcendental-evidence-god-2020,Tyler Vela vs Matt Dillahunty: Is There Good Evidence for God?,pro,8.0,2.34,2.143000000000002,1.4359999999999986,0.3240000000000016,0.7799999999999998,1.6470000000000014,0,-0.6700000000000035
144,plantinga-dennett-evolution-naturalism-2018,"Alvin Plantinga vs Daniel Dennett: Science, Religion, and Evolution",pro,1.0,-0.12399999999999878,0.07479999999999905,1.2068000000000012,-0.3836999999999989,-0.5359999999999999,0.11600000000000109,0,0.6460999999999962
145,dennett-dsouza-god-human-invention-2007,Daniel Dennett vs Dinesh D'Souza: Is God a Human Invention?,con,5.0,2.4037500000000023,0.7480000000000019,0.5849999999999994,0.36824999999999974,0.6049999999999998,0.6675000000000012,0,-0.37750000000000394
147,dennett-clayton-naturalism-ultimate-reality-2012,Daniel Dennett vs Philip Clayton: Naturalism and Ultimate Reality,con,3.0,0.22075000000000244,0.44279999999999975,0.2296000000000049,1.1797500000000014,0.7400000000000007,-0.6950999999999994,0,0.8821999999999903
148,baggett-dillahunty-moral-argument-2018,David Baggett vs Matt Dillahunty: The Moral Argument for God,pro,1.0,-0.4197500000000005,0.31459999999999866,1.0883999999999987,0.4590000000000003,0.15500000000000114,-0.10640000000000072,0,-0.49084999999999757
150,licona-dillahunty-resurrection-evidence-2017,Mike Licona vs Matt Dillahunty: Was Jesus Raised from the Dead?,pro,9.0,1.6574999999999989,2.3090000000000006,2.1789999999999994,0.14025000000000035,1.2799999999999998,1.2019999999999997,0,0.2322500000000005
151,wood-dillahunty-god-secular-humanism-2020,David Wood vs Matt Dillahunty: God or Secular Humanism?,pro,5.0,1.87725,2.2885999999999997,0.2648000000000025,-0.2225999999999992,0.23999999999999916,0.7956999999999994,0,-0.24375000000000213
152,knechtle-aron-ra-god-existence-2023,Stuart Knechtle vs Aron Ra: Does God Exist?,pro,7.0,2.4405,2.2781999999999996,1.699799999999999,0.361199999999998,0.23499999999999943,0.14459999999999837,0,-0.15929999999999467
155,turek-shermer-morality-god-science-2015,Frank Turek vs Michael Shermer: Is Morality Better Explained by God or Science?,pro,3.0,1.1712500000000006,1.3080000000000043,0.06999999999999887,0.34950000000000186,-0.02750000000000057,0.3834999999999994,0,-0.2547500000000045
156,harris-prager-religion-morality-public-reason-2014,"Sam Harris vs Dennis Prager: Religion, Morality, and Public Reason",pro,11.0,3.1350000000000016,3.3120000000000007,1.5620000000000005,0.08400000000000034,0.8299999999999997,1.6029999999999989,0,0.4739999999999984
157,dillahunty-howitt-christianity-true-2023,Matt Dillahunty vs Lewis Howitt: Is Christianity True?,pro,17.0,5.3302499999999995,4.5598,2.961599999999999,0.314700000000002,1.772,2.258800000000001,0,-0.1971500000000006
158,dillahunty-mclatchie-resurrection-evidence-2020,Matt Dillahunty vs Jonathan McLatchie: Is There Strong Evidence for the Resurrection?,pro,5.0,1.2222500000000025,0.900800000000001,1.8146000000000044,-0.13649999999999948,0.30999999999999944,0.7890000000000015,0,0.09984999999999022
160,pinker-douthat-do-we-need-god-2026,Steven Pinker vs Ross Douthat: Do We Need God?,pro,5.0,1.180499999999995,2.1056000000000012,0.7686000000000007,0.5751000000000005,-0.18599999999999994,0.7701999999999999,0,-0.21399999999999775
161,craig-millican-does-god-exist-2011,William Lane Craig vs Peter Millican: Does God Exist?,pro,12.0,3.0059999999999967,2.2336000000000014,2.248600000000002,0.3508499999999998,1.7060000000000004,1.9082000000000008,0,0.5467499999999994
162,craig-kagan-god-morality-2009,William Lane Craig vs Shelly Kagan: Is God Necessary for Morality?,pro,9.0,3.169999999999998,2.1349999999999993,2.1539999999999964,0.008250000000001022,0.4400000000000006,1.7890000000000001,0,-0.6962499999999956
163,craig-draper-existence-of-god-1997,William Lane Craig vs Paul Draper: The Existence of God,pro,7.0,1.5134999999999934,1.4264000000000039,2.066799999999998,0.5826,0.552000000000001,0.8792000000000016,0,-0.02049999999999841
164,craig-wielenberg-god-morality-2018,William Lane Craig vs Erik Wielenberg: God and Morality,pro,4.0,1.317499999999999,1.175,0.2259999999999991,0.1800000000000004,0.37000000000000033,1.0239999999999996,0,-0.29249999999999865
165,craig-rosenberg-faith-god-reasonable-2013,William Lane Craig vs Alex Rosenberg: Is Faith in God Reasonable?,pro,-5.0,-1.730999999999998,-0.8324000000000013,-0.11040000000000134,0.1670999999999985,-1.0099999999999996,-0.996799999999999,0,-0.4864999999999995
166,craig-atkins-does-god-exist-2011,William Lane Craig vs Peter Atkins: Does God Exist?,pro,-10.0,-3.3654999999999973,-2.3425999999999974,-2.6793999999999984,0.7997999999999968,-0.9980000000000004,-1.1996999999999987,0,-0.21460000000000434
167,craig-shook-existence-god-2008,William Lane Craig vs John Shook: The Existence of God,pro,7.0,1.3982500000000009,1.4563999999999995,1.3639999999999988,0.4992000000000004,0.9034999999999997,1.3106999999999986,0,0.0679500000000024
168,craig-krauss-evidence-god-2012,William Lane Craig vs Lawrence Krauss: Is There Evidence for God?,pro,-2.0,-0.9112499999999955,-0.31640000000000157,-0.33140000000000214,-0.38189999999999885,-0.4120000000000005,0.5311999999999998,0,-0.17825000000000135
169,lennox-krauss-universe-god-question-2013,"John Lennox vs Lawrence Krauss: Science, the Universe, and the God Question",pro,8.0,1.8425000000000011,2.0482,2.092799999999997,0.6291000000000003,0.1660000000000011,1.3676999999999992,0,-0.14629999999999832
170,singer-lennox-is-there-god-2011,Peter Singer vs John Lennox: Is There a God?,pro,11.0,2.756499999999999,3.4900000000000007,1.9163999999999959,0.04619999999999891,0.902000000000001,1.6836,0,0.2053000000000047
171,hitchens-blair-religion-force-good-2010,Christopher Hitchens vs Tony Blair: Is Religion a Force for Good in the World?,pro,2.0,1.1960000000000015,0.5427999999999997,0.3123999999999967,0.03780000000000143,-0.1019999999999996,-0.3116,0,0.3246000000000002
172,hitchens-mcgrath-religious-belief-2007,Christopher Hitchens vs Alister McGrath: Poison or Cure? Religious Belief in the Modern World,pro,0.0,-0.31633333333333624,0.3552666666666653,1.6499333333333341,-0.28174999999999956,-0.43000000000000116,-1.2873333333333337,0,0.3102166666666712
175,oppy-pearce-is-there-a-god-2022,Graham Oppy vs Kenny Pearce: Is There a God?,pro,4.0,1.3062499999999986,1.2389999999999988,0.5889999999999986,0.6119999999999998,0.5049999999999998,0.3064999999999984,0,-0.5577499999999942
176,ehrman-peter-williams-gospels-historically-reliable-2018,Bart Ehrman vs Peter J. Williams: Are the Gospels Historically Reliable?,pro,3.0,2.048000000000002,1.5152000000000017,-0.9363999999999977,-0.3935999999999993,0.7850000000000024,0.5301000000000002,0,-0.5483000000000091
177,ehrman-wallace-trust-text-new-testament-2011,Bart Ehrman vs Daniel B. Wallace: Can We Trust the Text of the New Testament?,pro,5.0,1.6969166666666666,0.9199333333333328,0.8404666666666629,-0.11860000000000212,0.8556666666666687,0.708933333333333,0,0.09668333333333834
178,ehrman-licona-who-wrote-gospels-2025,Bart Ehrman vs Michael Licona: Who Wrote the Gospels?,pro,6.0,2.0617500000000035,1.6301999999999994,1.7795999999999994,-0.13200000000000145,0.275,0.8043000000000007,0,-0.4188500000000017
179,craig-ehrman-historical-evidence-resurrection-2006,William Lane Craig vs Bart Ehrman: Is There Historical Evidence for the Resurrection?,pro,-1.0,-0.9849999999999959,-0.5739999999999981,0.8450000000000017,-0.5977499999999999,0.365000000000002,0.05500000000000114,0,-0.10825000000001106
181,habermas-flew-did-jesus-rise-dead-2000,Gary Habermas vs Antony Flew: Did Jesus Rise from the Dead?,pro,-1.0,-0.6212500000000034,-1.103000000000003,0.4589999999999975,0.6322500000000005,-0.30000000000000004,0.0030000000000001137,0,-0.06999999999999162
191,ruse-rana-origin-life-evolution-design-2013,Michael Ruse vs Fuz Rana: Evolution or Design at Life's Origin?,con,1.0,0.8919999999999995,0.41719999999999974,-0.5483999999999981,-0.30540000000000017,0.028000000000000115,0.6384000000000001,0,-0.12180000000000102
194,swinburne-millican-does-god-exist-2022,Richard Swinburne vs Peter Millican: Does God Exist?,pro,7.0,1.7774999999999999,1.995999999999998,1.3360000000000014,-0.9615000000000016,1.1400000000000006,1.661999999999999,0,0.05000000000000249
195,russell-copleston-existence-of-god-1948,Bertrand Russell vs Frederick Copleston: Does God Exist?,pro,2.0,1.1514999999999986,1.597800000000001,-2.1256,0.39960000000000023,-0.09599999999999796,0.9781999999999983,0,0.0944999999999998
196,huemer-rasmussen-god-existence-2026,Michael Huemer vs Joshua Rasmussen: Does God Exist?,pro,2.0,0.5606250000000017,0.7085000000000008,0.1420000000000016,0.10462499999999864,0.3072500000000005,0.41399999999999865,0,-0.23700000000000188
197,mcgilchrist-seth-consciousness-god-2026,Iain McGilchrist vs Anil Seth: Does Consciousness Point to God?,pro,9.0,2.5545265151515153,3.44789393939394,0.9342575757575787,0.3513693181818162,0.3586098484848478,1.3292878787878792,0,0.024054924242422615
198,ferrer-dillahunty-god-morality-2018,John Ferrer vs Matt Dillahunty: Do We Need God for Morality?,pro,16.0,4.61592261904762,3.8589880952380953,1.9885714285714273,1.6458035714285686,1.2316369047619062,1.761101190476191,0,0.8979761904761911
200,craig-stenger-god-existence-2010,William Lane Craig vs Victor Stenger: Does God Exist?,pro,-7.0,-2.266874999999999,-1.0974523809523817,-1.3728333333333325,-1.2609464285714267,-0.6726785714285711,-0.6805119047619045,0,0.3512976190476156
202,dawkins-lennox-god-delusion-2007,Is Belief in God a Delusion? Richard Dawkins vs. John Lennox (2007),con,4.0,1.1029318181818155,0.6732848484848489,1.0527939393939392,0.4226454545454551,0.12444242424242447,0.20436363636363666,0,0.4195378787878803
203,craig-flew-god-existence-1998,Does God Exist? William Lane Craig vs. Antony Flew (1998),pro,3.0,1.3944318181818183,1.1108181818181806,-0.34350000000000025,-0.047863636363639724,-0.15874999999999917,0.8704545454545454,0,0.17440909090909473
204,singer-dsouza-morality-without-god-2008,Can There Be Morality Without God? Dinesh D'Souza vs. Peter Singer (2008),pro,10.0,3.290074404761903,2.5519999999999983,1.057785714285717,0.9593660714285726,0.6551547619047611,1.7590059523809523,0,-0.2733869047619031
205,horn-watkins-god-existence-2021,Does God Exist? Trent Horn vs. Ben Watkins (2021),pro,4.0,0.701666666666668,0.8533333333333332,0.7539999999999965,0.6137500000000002,0.23416666666666686,0.2370833333333323,0,0.606000000000003
206,williams-dawkins-god-science-reality-2026,"God, Science and the Poetry of Reality: Rowan Williams vs. Richard Dawkins (2026)",pro,1.0,0.10631818181818176,1.694,-0.16999999999999887,0.3529636363636342,0.19320000000000165,-1.5606545454545455,0,0.3841727272727269
207,peterson-dawkins-memes-archetypes-truth-2024,"Memes, Archetypes, and Religious Truth: Jordan Peterson vs. Richard Dawkins (2024)",pro,12.0,2.4318181818181834,3.8108727272727267,2.4280727272727294,0.6538090909090918,1.4675454545454558,0.6883636363636356,0,0.519518181818178
209,oconnor-ruegger-divine-hiddenness-loving-god-2022,Divine Hiddenness and a Loving God: Alex O'Connor vs. Lukas Ruegger (2022),con,10.0,2.689214285714286,1.7377714285714263,2.6440285714285694,1.703464285714287,0.8204857142857152,0.3349428571428561,0,0.07009285714286051
210,paterson-schmid-divine-hiddenness-relationship-2026,Divine Hiddenness and Religious Evidence: Joe Schmid vs. Dan Paterson (2026),con,5.0,1.4570833333333333,1.5466666666666669,1.245999999999998,0.8160000000000017,0.4461666666666673,0.3314999999999998,0,-0.8434166666666671
211,baggini-baker-hytch-divine-hiddenness-2025,Divine Hiddenness and Evidential Ambiguity: Julian Baggini vs. Max Baker-Hytch (2025),con,-2.0,-0.6470808982683991,-0.304303246753247,-0.03008961038961218,0.33419545454545413,-0.3304517316017311,-0.9546174242424244,0,-0.06765254329004033
212,craig-carrier-resurrection-2009,Resurrection Evidence and Naturalistic Alternatives: William Lane Craig vs. Richard Carrier (2009),pro,0.0,-0.322499999999998,-0.37100000000000083,0.41466666666666474,0.1479999999999997,-0.484666666666665,0.31050000000000044,0,0.304999999999999
214,pageau-woodford-metaphorical-truth-2020,Metaphorical Truth and Religious Patterns: Jonathan Pageau vs. Stephen Woodford (2020),pro,4.0,1.0240075757575724,0.8862575757575755,0.9368181818181824,0.46908409090909015,0.3401181818181826,0.4384681818181818,0,-0.09475378787878519
215,horn-oconnor-christian-belief-2022,Why Be a Christian? Trent Horn vs. Alex O'Connor (2022),pro,10.0,3.1003333333333316,2.2898666666666685,2.100999999999999,1.2338000000000007,0.8430333333333337,1.1648666666666672,0,-0.7329000000000008
216,harris-wolpe-religion-science-2007,"Religion, Science, and Meaning: Sam Harris vs. David Wolpe (2007)",pro,15.0,4.485000000000003,4.187499999999996,2.6932500000000035,1.585499999999999,1.004249999999999,0.5393749999999997,0,0.5051249999999996
217,douthat-oconnor-religious-belief-obligation-2026,Religious Belief as an Obligation: Ross Douthat vs. Alex O'Connor (2026),pro,15.0,4.287465909090908,3.474215151515152,2.696800000000002,1.772147727272727,1.0091757575757583,0.798924242424242,0,0.9612712121212112
218,mcgrath-oconnor-new-atheism-failure-2023,Has New Atheism Failed? Alister McGrath vs. Alex O'Connor (2023),pro,10.0,2.5078982683982645,2.019558441558442,1.8518562770562768,1.2764766233766223,0.6067679653679662,1.3157939393939402,0,0.4216484848484878
219,shermer-mcgrath-god-imagination-2017,Is God a Figment of Our Imagination? Michael Shermer vs. Alister McGrath (2017),con,5.0,1.3060357142857164,1.8343142857142867,1.3197428571428589,1.0145999999999993,0.22349999999999995,-0.4633142857142858,0,-0.2348785714285757
220,hirsi-ali-oconnor-christian-conversion-2024,Does Christian Conversion Establish Truth? Ayaan Hirsi Ali vs. Alex O'Connor (2024),pro,12.0,2.964990259740258,2.980326190476193,3.1548922077922104,2.012930357142859,0.8913719696969707,0.567819696969697,0,-0.5723306818181886
222,lennox-shermer-god-existence-2008,Does God Exist? John Lennox vs. Michael Shermer (2008),pro,5.0,1.547259469696968,1.5384151515151558,0.9476924242424247,0.5734034090909098,0.15202121212121114,-0.09722878787878955,0,0.3384371212121202
223,collins-dawkins-science-belief-god-2022,Science and Belief in God: Francis Collins vs. Richard Dawkins (2022),pro,7.0,1.991433441558442,1.9566142857142865,1.6587019480519503,1.0109629870129857,0.3795860389610397,0.03176168831168837,0,-0.029060389610392257
