number,debate_id,title,cohort,pro_speaker,con_speaker,pro_score,con_score,higher_side,lower_side,margin,tie,pro_moves,con_moves,pro_fallacy_tagged_moves,con_fallacy_tagged_moves,pro_fallacy_instances,con_fallacy_instances,pro_bias_instances,con_bias_instances,lower_fallacy_tagged_moves,higher_fallacy_tagged_moves,lower_fallacy_instances,higher_fallacy_instances,lower_bias_instances,higher_bias_instances
1,craig-oconnor-god-debate-2026,Alex O'Connor vs William Lane Craig: Does God Exist?,closed,William Lane Craig,Alex O'Connor,76,82,con,pro,6,False,9,9,0,0,0,0,0,0,0,0,0,0,0,0
2,craig-hitchens-god-existence-2009,William Lane Craig vs Christopher Hitchens: Does God Exist?,closed,William Lane Craig,Christopher Hitchens,78,82,con,pro,4,False,9,12,2,0,2,0,0,0,2,0,2,0,0,0
3,hitchens-dsouza-religion-problem-2010,Christopher Hitchens vs Dinesh D'Souza: Is Religion the Problem?,closed,Christopher Hitchens,Dinesh D'Souza,83,75,pro,con,8,False,10,9,0,2,0,2,0,2,2,0,2,0,2,0
4,lennox-atkins-science-explain-everything-2019,John Lennox vs Peter Atkins: Can Science Explain Everything?,closed,John Lennox,Peter Atkins,84,77,pro,con,7,False,9,10,0,0,0,0,0,0,0,0,0,0,0,0
5,dillahunty-ten-bruggencate-reasonable-god-2014,Matt Dillahunty vs Sye Ten Bruggencate: Is It Reasonable to Believe God Exists?,closed,Sye Ten Bruggencate,Matt Dillahunty,64,88,con,pro,24,False,10,10,2,1,2,1,0,0,2,1,2,1,0,0
6,dsouza-dillahunty-god-woman-2023,Dinesh D'Souza vs Matt Dillahunty: Does God Exist? What Is a Woman?,closed,Dinesh D'Souza,Matt Dillahunty,77,87,con,pro,10,False,10,9,0,0,0,0,0,0,0,0,0,0,0,0
7,wood-oconnor-jesus-claim-god-2025,David Wood vs Alex O'Connor: Did Jesus Claim to Be God?,closed,David Wood,Alex O'Connor,83,90,con,pro,7,False,10,10,0,0,0,0,0,0,0,0,0,0,0,0
8,wood-shermer-god-exist-2022,David Wood vs Michael Shermer: Does God Exist?,closed,David Wood,Michael Shermer,73,80,con,pro,7,False,10,10,0,0,0,0,0,0,0,0,0,0,0,0
9,peterson-dillahunty-god-debate-2023,Jordan Peterson vs Matt Dillahunty: The Greatest God Debate In History,closed,Jordan Peterson,Matt Dillahunty,73,89,con,pro,16,False,10,10,0,0,0,0,0,0,0,0,0,0,0,0
10,craig-harris-moral-foundations-2011,William Lane Craig vs Sam Harris: The God Debate II,closed,William Lane Craig,Sam Harris,79,79,tie,tie,0,True,10,10,0,0,0,0,0,0,,,,,,
11,dsouza-ehrman-god-suffering-evil-2025,"Dinesh D'Souza vs Bart Ehrman: God, Suffering, and Evil",closed,Dinesh D'Souza,Bart Ehrman,79,87,con,pro,8,False,9,8,0,0,0,0,0,0,0,0,0,0,0,0
12,settecase-jump-evidence-for-god-2025,Joel Settecase vs Tom Jump: Is There Evidence for God?,closed,Joel Settecase,Tom Jump,84,78,pro,con,6,False,8,10,0,0,0,0,0,0,0,0,0,0,0,0
13,knechtle-oconnor-christian-morality-2025,"Cliffe Knechtle vs Alex O'Connor: Christianity, Scripture, and Morality",closed,Cliffe Knechtle,Alex O'Connor,76,87,con,pro,11,False,5,7,0,0,0,0,0,0,0,0,0,0,0,0
14,jones-carrier-god-existence-2025,Michael Jones vs Richard Carrier: Does God Exist?,closed,Michael Jones,Richard Carrier,74,73,pro,con,1,False,9,9,0,1,0,1,0,1,1,0,1,0,1,0
15,hitchens-lennox-is-god-great-2017,Christopher Hitchens vs John Lennox: Is God Great?,closed,John Lennox,Christopher Hitchens,77,81,con,pro,4,False,11,12,0,0,0,0,0,0,0,0,0,0,0,0
16,hirsi-ali-dawkins-god-debate-2024,Ayaan Hirsi Ali vs Richard Dawkins: The God Debate,closed,Ayaan Hirsi Ali,Richard Dawkins,74,84,con,pro,10,False,9,8,0,0,0,0,0,0,0,0,0,0,0,0
17,collins-oconnor-god-existence-2024,Francis Collins vs Alex O'Connor: Does God Exist?,closed,Francis Collins,Alex O'Connor,79,88,con,pro,9,False,10,10,1,0,1,0,1,0,1,0,1,0,1,0
18,williams-goff-oldfield-oconnor-between-god-atheism-2024,"Rowan Williams, Philip Goff, Elizabeth Oldfield, and Alex O'Connor: Between God and Atheism",no_ledger,"Rowan Williams, Philip Goff, and Elizabeth Oldfield","Alex O'Connor, with Jack Symes moderating",80,82,con,pro,2,False,6,6,2,1,2,1,1,0,2,1,2,1,1,0
19,harris-oconnor-objective-morality-2024,Sam Harris vs Alex O'Connor: Objective Morality and Emotivism,closed,Sam Harris,Alex O'Connor,77,88,con,pro,11,False,5,6,0,0,0,0,0,0,0,0,0,0,0,0
20,hitchens-hitchens-iraq-god-2008,"Christopher Hitchens vs Peter Hitchens: Iraq, God, and Moral Authority",closed,Christopher Hitchens,Peter Hitchens,79,77,pro,con,2,False,12,9,1,2,1,2,0,1,2,1,2,1,1,0
21,hitchens-wolpe-great-god-debate-2010,Christopher Hitchens vs Rabbi David Wolpe: The Great God Debate,closed,Christopher Hitchens,Rabbi David Wolpe,85,76,pro,con,9,False,9,10,0,0,0,0,0,0,0,0,0,0,0,0
22,turek-hitchens-god-existence-2008,Frank Turek vs Christopher Hitchens: Does God Exist?,closed,Frank Turek,Christopher Hitchens,74,81,con,pro,7,False,9,10,0,0,0,0,0,0,0,0,0,0,0,0
23,oconnor-biddle-objective-morality-2024,Alex O'Connor vs Craig Biddle: Is Morality Objective?,closed,Craig Biddle,Alex O'Connor,82,89,con,pro,7,False,10,10,0,0,0,0,0,0,0,0,0,0,0,0
24,hitchens-olasky-religion-grace-2007,"Christopher Hitchens vs Marvin Olasky: Religion, Grace, and Secular Morality",closed,Christopher Hitchens,Marvin Olasky,80,82,con,pro,2,False,10,10,0,0,0,0,0,0,0,0,0,0,0,0
25,hitchens-ramadan-islam-peace-2010,Christopher Hitchens vs Tariq Ramadan: Is Islam a Religion of Peace?,closed,Christopher Hitchens,Tariq Ramadan,80,82,con,pro,2,False,10,10,1,0,1,0,0,0,1,0,1,0,0,0
26,turek-hitchens-reality-theism-atheism-2011,Frank Turek vs Christopher Hitchens: What Best Explains Reality?,closed,Frank Turek,Christopher Hitchens,74,83,con,pro,9,False,9,10,1,1,1,1,0,0,1,1,1,1,0,0
27,oconnor-turek-evil-moral-argument-2017,Alex O'Connor vs Frank Turek: The Moral Argument Debate,closed,Frank Turek,Alex O'Connor,76,87,con,pro,11,False,10,9,4,3,4,3,2,1,4,3,4,3,2,1
28,turek-shermer-reality-theism-atheism-2018,Frank Turek vs Michael Shermer: What Best Explains Reality?,closed,Frank Turek,Michael Shermer,72,83,con,pro,11,False,12,12,2,0,2,0,0,0,2,0,2,0,0,0
29,turek-silverman-reality-theism-atheism-2013,Frank Turek vs David Silverman: Which Better Explains Reality?,closed,Frank Turek,David Silverman,77,78,con,pro,1,False,10,9,1,0,1,0,0,0,1,0,1,0,0,0
30,lowder-turek-naturalism-theism-2016,Jeffery Jay Lowder vs Frank Turek: Naturalism or Theism?,closed,Jeffery Jay Lowder,Frank Turek,85,70,pro,con,15,False,12,11,0,2,0,2,0,0,2,0,2,0,0,0
31,oconnor-craig-resurrection-2023,Alex O'Connor vs William Lane Craig: Did Jesus Rise From the Dead?,closed,William Lane Craig,Alex O'Connor,86,88,con,pro,2,False,8,6,0,0,0,0,0,0,0,0,0,0,0,0
32,knechtle-oconnor-halper-biblical-god-2024,Cliffe and Stuart Knechtle vs Alex O'Connor and Phil Halper: Does the Biblical God Exist?,no_ledger,Cliffe and Stuart Knechtle,Alex O'Connor and Phil Halper,76,86,con,pro,10,False,6,6,4,0,4,0,1,0,4,0,4,0,1,0
33,craig-carroll-god-cosmology-2014,William Lane Craig vs Sean Carroll: God and Cosmology,closed,William Lane Craig,Sean Carroll,83,90,con,pro,7,False,10,10,0,0,0,0,0,0,0,0,0,0,0,0
34,goff-carroll-consciousness-fundamental-2023,Philip Goff vs Sean Carroll: Is Consciousness Fundamental?,closed,Philip Goff,Sean Carroll,84,84,tie,tie,0,True,10,9,0,0,0,0,0,0,,,,,,
35,carroll-shermer-hutchinson-dsouza-science-religion-2012,Sean Carroll and Michael Shermer vs Ian Hutchinson and Dinesh D'Souza: Has Science Refuted Religion?,no_ledger,Sean Carroll and Michael Shermer,Ian Hutchinson and Dinesh D'Souza,81,84,con,pro,3,False,6,6,1,1,1,1,1,0,1,1,1,1,1,0
36,carroll-halvorson-metaphysics-worldview-2016,Sean Carroll vs Hans Halvorson: Metaphysics,closed,Sean Carroll,Hans Halvorson,84,87,con,pro,3,False,9,10,0,0,0,0,0,0,0,0,0,0,0,0
37,ehrman-bass-resurrection-history-2023,Bart Ehrman vs Justin Bass: Did Jesus of Nazareth Rise From the Dead?,closed,Justin Bass,Bart Ehrman,78,88,con,pro,10,False,9,9,0,0,0,0,0,0,0,0,0,0,0,0
38,mcdowell-ehrman-moral-objectivity-2026,"Sean McDowell vs Bart Ehrman: The Moral Argument, Guilt, and the Teachings of Jesus",closed,Sean McDowell,Bart Ehrman,86,82,pro,con,4,False,10,9,0,0,0,0,0,0,0,0,0,0,0,0
39,lambert-jones-christian-faith-skepticism-2021,Derek Lambert vs Michael Jones: Atheist and Christian Discussion,closed,Michael Jones,Derek Lambert,79,81,con,pro,2,False,12,11,0,0,0,0,0,0,0,0,0,0,0,0
40,enoch-bush-objective-moral-truths-2026,David Enoch vs Lance Bush: Are There Objective Moral Truths?,closed,David Enoch,Lance Bush,85,84,pro,con,1,False,10,10,0,0,0,0,0,0,0,0,0,0,0,0
41,huemer-bush-objective-moral-facts-2024,Michael Huemer vs Lance Bush: Do Objective Moral Facts Exist?,closed,Michael Huemer,Lance Bush,85,83,pro,con,2,False,10,10,0,0,0,0,0,0,0,0,0,0,0,0
42,schmid-tomaszewski-divine-simplicity-2020,Joe Schmid vs Chris Tomaszewski: Is Divine Simplicity True?,closed,Chris Tomaszewski,Joe Schmid,86,87,con,pro,1,False,8,7,0,0,0,0,0,0,0,0,0,0,0,0
43,meyer-halper-cosmology-fine-tuning-2026,Stephen Meyer vs Phil Halper: The Big Bang and Fine-Tuning,closed,Stephen Meyer,Phil Halper,79,90,con,pro,11,False,9,10,0,0,0,0,0,0,0,0,0,0,0,0
44,oconnor-biddle-free-will-2025,Alex O'Connor vs Craig Biddle: Free Will - Do You Have It?,closed,Craig Biddle,Alex O'Connor,77,82,con,pro,5,False,10,9,0,0,0,0,0,0,0,0,0,0,0,0
45,singer-frazier-swinburne-oconnor-morality-2025,"Peter Singer, Jessica Frazier, Richard Swinburne, and Alex O'Connor: The Mystery of Morality",no_ledger,"Peter Singer, Jessica Frazier, Richard Swinburne",Alex O'Connor,82,80,pro,con,2,False,7,7,1,1,2,1,0,0,1,1,1,2,0,0
46,shapiro-oconnor-atheist-delusion-society-2023,"Ben Shapiro vs Alex O'Connor: The Atheist Delusion, Free Will, and Society",closed,Ben Shapiro,Alex O'Connor,71,87,con,pro,16,False,9,9,0,0,0,0,0,0,0,0,0,0,0,0
47,jones-krauss-christianity-secular-ethics-2025,Michael Jones vs Lawrence Krauss: Christianity or Secular Ethics - What's Best for Society?,closed,Michael Jones,Lawrence Krauss,79,76,pro,con,3,False,10,10,0,0,0,0,0,0,0,0,0,0,0,0
48,scrivener-folley-hiddenness-evil-moral-narrative-2025,"Glen Scrivener vs Joe Folley: Morality, Evil, Consciousness, and Christian Narrative",closed,Glen Scrivener,Joe Folley,74,84,con,pro,10,False,7,8,0,0,0,0,0,0,0,0,0,0,0,0
49,dyer-dillahunty-transcendental-theism-2019,Jay Dyer vs Matt Dillahunty: Transcendental Argument for Theism,closed,Jay Dyer,Matt Dillahunty,76,89,con,pro,13,False,12,12,0,0,0,0,0,0,0,0,0,0,0,0
50,knechtle-dillahunty-christianity-true-2023,Cliffe Knechtle vs Matt Dillahunty: Is Christianity True?,closed,Cliffe Knechtle,Matt Dillahunty,73,90,con,pro,17,False,10,9,2,0,2,0,0,0,2,0,2,0,0,0
51,lennox-atkins-duelling-professors-2012,John Lennox vs Peter Atkins: Duelling Professors on Science and God,closed,John Lennox,Peter Atkins,79,72,pro,con,7,False,10,10,0,1,0,1,0,0,1,0,1,0,0,0
52,horn-dillahunty-resurrection-reasonable-2021,Trent Horn vs Matt Dillahunty: Is Belief in the Resurrection Reasonable?,closed,Trent Horn,Matt Dillahunty,82,83,con,pro,1,False,11,12,0,0,0,0,0,0,0,0,0,0,0,0
53,oconnor-dsouza-bible-true-2024,Alex O'Connor vs Dinesh D'Souza: Is the Bible True?,closed,Dinesh D'Souza,Alex O'Connor,76,91,con,pro,15,False,10,10,2,0,2,0,2,0,2,0,2,0,2,0
54,jones-law-christianity-humanism-future-2025,Michael Jones vs Stephen Law: Christianity vs Humanism,closed,Michael Jones,Stephen Law,72,81,con,pro,9,False,10,10,0,0,0,0,0,0,0,0,0,0,0,0
55,craig-malpass-kalam-nothing-2026,William Lane Craig vs Alex Malpass: Can Something Come From Nothing?,closed,William Lane Craig,Alex Malpass,75,91,con,pro,16,False,8,9,1,0,1,0,0,0,1,0,1,0,0,0
56,huemer-lutz-morality-real-2026,Mike Huemer vs Matt Lutz: Is Morality Real?,closed,Michael Huemer,Matt Lutz,88,81,pro,con,7,False,9,10,0,0,0,0,0,0,0,0,0,0,0,0
57,scrivener-dillahunty-atheism-morality-2020,Glen Scrivener vs Matt Dillahunty: Can Atheism Deliver a Better World?,closed,Glen Scrivener,Matt Dillahunty,77,86,con,pro,9,False,10,10,0,0,0,0,0,0,0,0,0,0,0,0
58,dillahunty-slick-secular-humanism-christianity-2016,Matt Dillahunty vs Matt Slick: Is Secular Humanism Superior to Christianity?,closed,Matt Dillahunty,Matt Slick,82,74,pro,con,8,False,10,9,0,0,0,0,0,0,0,0,0,0,0,0
59,bollore-halper-god-science-evidence-2026,Michel-Yves Bollore vs Phil Halper: Does Science Point to God?,closed,Michel-Yves Bollore,Phil Halper,69,88,con,pro,19,False,10,10,4,0,4,0,0,0,4,0,4,0,0,0
60,horn-oconnor-jesus-resurrection-2026,Trent Horn vs Alex O'Connor: Did Jesus Rise From the Dead?,closed,Trent Horn,Alex O'Connor,78,86,con,pro,8,False,10,10,0,0,0,0,0,0,0,0,0,0,0,0
61,scrivener-oconnor-morality-bible-slavery-2026,"Glen Scrivener vs Alex O'Connor: Morality, Freedom, Slavery, and the Bible",closed,Glen Scrivener,Alex O'Connor,81,89,con,pro,8,False,10,10,0,0,0,0,0,0,0,0,0,0,0,0
62,pageau-folley-logos-meaning-resurrection-2026,"Jonathan Pageau vs Joe Folley: Genesis, Jesus, Science, and Faith",closed,Jonathan Pageau,Joe Folley,76,88,con,pro,12,False,10,10,1,0,1,0,1,0,1,0,1,0,1,0
63,butt-shermer-god-bible-2023,Kyle Butt vs Michael Shermer: Does the God of the Bible Exist?,closed,Kyle Butt,Michael Shermer,71,86,con,pro,15,False,12,10,0,0,0,0,0,0,0,0,0,0,0,0
64,pine-watkins-god-existence-2020,Gregory Pine vs Ben Watkins: Does God Exist?,closed,Gregory Pine,Ben Watkins,79,86,con,pro,7,False,8,9,0,0,0,0,0,0,0,0,0,0,0,0
65,donahue-malpass-fine-tuning-god-2026,Miles K. Donahue vs Alex Malpass: Does Fine-Tuning Point to God?,closed,Miles K. Donahue,Alex Malpass,79,80,con,pro,1,False,7,9,0,0,0,0,0,0,0,0,0,0,0,0
66,donahue-fodor-case-against-christianity-2025,Miles K. Donahue vs James Fodor: The Case Against Christianity,closed,Miles K. Donahue,James Fodor,81,83,con,pro,2,False,8,10,0,0,0,0,0,0,0,0,0,0,0,0
67,jones-fodor-digital-physics-god-2021,Michael Jones vs James Fodor: The Digital Physics Argument for God,closed,Michael Jones,James Fodor,71,87,con,pro,16,False,10,10,0,0,0,0,0,0,0,0,0,0,0,0
68,jones-dillahunty-quantum-idealism-demonstrability-2026,Michael Jones vs Matt Dillahunty: Quantum Idealism and Demonstrability,closed,Michael Jones,Matt Dillahunty,69,86,con,pro,17,False,6,6,0,0,0,0,0,0,0,0,0,0,0,0
69,winger-dillahunty-resurrection-unreasonable-2019,Mike Winger vs Matt Dillahunty: Is Belief in the Resurrection Unreasonable?,closed,Mike Winger,Matt Dillahunty,80,86,con,pro,6,False,12,12,1,0,1,0,0,0,1,0,1,0,0,0
70,malpass-anderson-logic-god-2021,Alex Malpass vs James Anderson: Does Logic Prove God?,closed,James Anderson,Alex Malpass,86,82,pro,con,4,False,8,10,0,0,0,0,0,0,0,0,0,0,0,0
71,hitchens-kushner-gomes-god-religion-morality-2009,"Christopher Hitchens vs Harold Kushner and Peter Gomes: God, Religion, and Morality",no_ledger,Harold Kushner and Peter Gomes,Christopher Hitchens,81,86,con,pro,5,False,6,6,1,0,1,0,2,1,1,0,1,0,2,1
72,dyer-malpass-tag-argument-2019,Jay Dyer vs Alex Malpass: The TAG Argument,closed,Jay Dyer,Alex Malpass,74,91,con,pro,17,False,10,8,0,0,0,0,0,0,0,0,0,0,0,0
73,hawkins-folley-free-will-compatibilism-2026,Nathan Hawkins vs Joe Folley: Do We Really Have Free Will?,closed,Nathan Hawkins,Joe Folley,83,89,con,pro,6,False,10,9,0,0,0,0,0,0,0,0,0,0,0,0
74,rasmussen-malpass-suffering-causal-finitism-2021,"Josh Rasmussen vs Alex Malpass: Suffering, Theism, and Causal Finitism",closed,Josh Rasmussen,Alex Malpass,82,89,con,pro,7,False,10,10,0,0,0,0,0,0,0,0,0,0,0,0
75,rasmussen-clifton-contingency-argument-2019,Josh Rasmussen vs Scott Clifton: Is the Contingency Argument Persuasive?,closed,Josh Rasmussen,Scott Clifton,79,87,con,pro,8,False,10,9,0,1,0,1,0,0,0,1,0,1,0,0
76,craig-oppy-mathematics-theism-2020,William Lane Craig vs Graham Oppy: Does Math Point to God?,closed,William Lane Craig,Graham Oppy,81,84,con,pro,3,False,11,9,0,0,0,0,0,0,0,0,0,0,0,0
77,feser-oppy-arguments-for-god-2020,Ed Feser vs Graham Oppy: Are There Any Good Arguments for God?,closed,Ed Feser,Graham Oppy,86,81,pro,con,5,False,8,10,0,0,0,0,0,0,0,0,0,0,0,0
78,albrecht-oppy-resurrection-ancient-christianity-2023,William Albrecht vs Graham Oppy: Resurrection and Ancient Christianity,closed,William Albrecht,Graham Oppy,76,83,con,pro,7,False,8,9,0,0,0,0,0,0,0,0,0,0,0,0
79,swinburne-oppy-theism-probability-2022,Richard Swinburne vs Graham Oppy: Is Theism Probable?,closed,Richard Swinburne,Graham Oppy,80,85,con,pro,5,False,9,9,0,0,0,0,0,0,0,0,0,0,0,0
80,rasmussen-schmid-argument-from-limits-2023,Josh Rasmussen vs Joe Schmid: The Argument from Limits,closed,Josh Rasmussen,Joe Schmid,84,90,con,pro,6,False,10,9,0,0,0,0,0,0,0,0,0,0,0,0
81,rasmussen-oppy-ultimate-reality-naturalism-2020,"Josh Rasmussen vs Graham Oppy: Theism, Naturalism, and Ultimate Reality",closed,Josh Rasmussen,Graham Oppy,81,85,con,pro,4,False,10,10,0,0,0,0,0,0,0,0,0,0,0,0
82,bush-mcallister-moral-anti-realism-realism-2025,Lance Bush vs Derek McAllister: Moral Anti-Realism vs Realism,closed,Lance Bush,Derek McAllister,90,76,pro,con,14,False,10,8,0,0,0,0,0,0,0,0,0,0,0,0
83,loke-oppy-kalam-causal-principle-2020,Andrew Loke vs Graham Oppy: Is the Kalam Sound?,closed,Andrew Loke,Graham Oppy,74,86,con,pro,12,False,10,10,0,0,0,0,0,0,0,0,0,0,0,0
84,krauss-meyer-lamoureux-god-science-universe-2016,"Lawrence Krauss vs Stephen Meyer and Denis Lamoureux: God, Science, and the Universe",no_ledger,Lawrence Krauss,Stephen Meyer and Denis Lamoureux,86,83,pro,con,3,False,6,6,2,2,2,2,0,0,2,2,2,2,0,0
85,atkins-fox-god-science-future-humanity-2024,Peter Atkins vs Keith Fox: God vs Science Debate,closed,Peter Atkins,Keith Fox,70,85,con,pro,15,False,8,10,0,0,0,0,0,0,0,0,0,0,0,0
86,egnor-dillahunty-god-existence-2021,Michael Egnor vs Matt Dillahunty: Does God Exist?,closed,Michael Egnor,Matt Dillahunty,71,83,con,pro,12,False,10,10,0,0,0,0,0,0,0,0,0,0,0,0
87,christopoulos-dillahunty-resurrection-historical-event-2024,Than Christopoulos vs Matt Dillahunty: Is the Resurrection a Historical Event?,closed,Than Christopoulos,Matt Dillahunty,79,88,con,pro,9,False,9,10,0,0,0,0,2,0,0,0,0,0,2,0
88,sechler-dillahunty-perfect-mind-universe-2022,Zac Sechler vs Matt Dillahunty: Did a Perfect Mind Create the Universe?,closed,Zac Sechler,Matt Dillahunty,79,83,con,pro,4,False,10,10,0,0,0,0,0,0,0,0,0,0,0,0
89,bignon-oppy-religious-experience-god-2022,Guillaume Bignon vs Graham Oppy: Religious Experience and the Case for God,closed,Guillaume Bignon,Graham Oppy,82,87,con,pro,5,False,9,8,1,0,1,0,0,0,1,0,1,0,0,0
90,akin-ehrman-gospels-historically-reliable-2022,Jimmy Akin vs Bart Ehrman: Are the Gospels Historically Reliable?,closed,Jimmy Akin,Bart Ehrman,81,88,con,pro,7,False,9,10,0,0,0,0,0,0,0,0,0,0,0,0
91,cutter-oppy-mind-brain-harmony-god-2025,Brian Cutter vs Graham Oppy: Does Mind-Brain Harmony Point to God?,closed,Brian Cutter,Graham Oppy,85,85,tie,tie,0,True,10,8,0,0,0,0,0,0,,,,,,
92,craig-malpass-universe-begin-exist-2020,William Lane Craig vs Alex Malpass: Did the Universe Begin to Exist?,closed,William Lane Craig,Alex Malpass,79,90,con,pro,11,False,10,10,2,0,2,0,0,0,2,0,2,0,0,0
93,hunter-dillahunty-christian-god-exist-2019,Braxton Hunter vs Matt Dillahunty: Does the Christian God Exist?,closed,Braxton Hunter,Matt Dillahunty,77,86,con,pro,9,False,10,10,0,0,0,0,0,0,0,0,0,0,0,0
94,swinburne-huemer-theism-coherent-2026,Richard Swinburne vs Michael Huemer: Is Theism Coherent?,closed,Richard Swinburne,Michael Huemer,75,83,con,pro,8,False,10,7,0,0,0,0,0,0,0,0,0,0,0,0
95,craig-frazier-goff-folley-god-reality-2026,"William Lane Craig, Jessica Frazier, Philip Goff, and Joe Folley: Did God Create Reality?",no_ledger,William Lane Craig,"Jessica Frazier, Philip Goff, and Joe Folley",80,82,con,pro,2,False,6,6,0,2,0,2,1,2,0,2,0,2,1,2
96,knechtle-aronra-tjump-christianity-true-2023,Cliffe and Stuart Knechtle vs Aron Ra and TJump: Is Christianity True?,no_ledger,Cliffe and Stuart Knechtle,Aron Ra and Tom Jump,66,76,con,pro,10,False,7,7,3,1,3,1,3,1,3,1,3,1,3,1
97,holland-grayling-christianity-human-values-2019,Tom Holland vs A. C. Grayling: Did Christianity Give Us Our Human Values?,closed,Tom Holland,A. C. Grayling,78,84,con,pro,6,False,9,9,0,0,0,0,0,0,0,0,0,0,0,0
98,craig-grayling-evil-god-reasonable-2011,William Lane Craig vs A. C. Grayling: Is Belief in God Reasonable in Light of Evil?,closed,William Lane Craig,A. C. Grayling,84,86,con,pro,2,False,9,10,0,0,0,0,0,0,0,0,0,0,0,0
99,jones-jump-digital-physics-god-2019,Michael Jones vs Tom Jump: Does God Exist?,closed,Michael Jones,Tom Jump,76,80,con,pro,4,False,10,10,0,0,0,0,0,0,0,0,0,0,0,0
100,jones-dillahunty-emergent-mind-god-2020,Michael Jones vs Matt Dillahunty: Reason to Believe in God?,closed,Michael Jones,Matt Dillahunty,73,91,con,pro,18,False,10,9,1,0,1,0,0,0,1,0,1,0,0,0
101,woodford-scrivener-religion-poisons-everything-2026,Stephen Woodford vs Glen Scrivener: Does Religion Poison Everything?,closed,Stephen Woodford,Glen Scrivener,83,80,pro,con,3,False,10,11,1,0,1,0,0,0,0,1,0,1,0,0
102,woodford-brierley-christianity-rational-2019,Stephen Woodford vs Justin Brierley: Is Christianity Rational?,closed,Stephen Woodford,Justin Brierley,82,77,pro,con,5,False,9,10,0,0,0,0,0,0,0,0,0,0,0,0
103,woodford-edwards-rational-belief-god-2023,Stephen Woodford vs Simon Edwards: Is It Rational to Believe in God?,closed,Stephen Woodford,Simon Edwards,82,78,pro,con,4,False,9,8,0,0,0,0,0,0,0,0,0,0,0,0
104,oconnor-baker-hytch-argument-from-reason-2020,Alex O'Connor vs Max Baker-Hytch: The Argument for God From Reason,closed,Max Baker-Hytch,Alex O'Connor,84,82,pro,con,2,False,9,9,0,0,0,0,0,0,0,0,0,0,0,0
105,craig-williams-hossenfelder-zizek-god-reality-2026,William Lane Craig and Rowan Williams vs Sabine Hossenfelder and Slavoj Žižek: Does God Exist?,no_ledger,William Lane Craig and Rowan Williams,Sabine Hossenfelder and Slavoj Žižek,82,81,pro,con,1,False,6,6,0,3,0,3,0,1,3,0,3,0,1,0
106,peterson-blackmore-god-meaning-life-2018,Jordan Peterson vs Susan Blackmore: Do We Need God to Make Sense of Life?,closed,Jordan Peterson,Susan Blackmore,74,85,con,pro,11,False,9,8,2,0,2,0,0,0,2,0,2,0,0,0
107,lennox-ruse-science-faith-evidence-god-2018,"John Lennox vs Michael Ruse: Science, Faith, and the Evidence for God",closed,John Lennox,Michael Ruse,79,85,con,pro,6,False,8,8,0,0,0,0,0,0,0,0,0,0,0,0
108,ward-ruse-mind-consciousness-god-2013,"Keith Ward vs Michael Ruse: Mind, Consciousness, and God",closed,Keith Ward,Michael Ruse,80,82,con,pro,2,False,8,8,0,0,0,0,0,0,0,0,0,0,0,0
109,mclatchie-oconnor-theism-naturalism-reality-2022,Jonathan McLatchie vs Alex O'Connor: Theism or Naturalism?,closed,Jonathan McLatchie,Alex O'Connor,74,83,con,pro,9,False,9,10,0,0,0,0,0,0,0,0,0,0,0,0
110,tour-garte-evolution-agency-christian-faith-2025,"James Tour vs Sy Garte: Evolution, Agency, and Christian Faith",closed,James Tour,Sy Garte,79,80,con,pro,1,False,7,9,1,0,1,0,0,0,1,0,1,0,0,0
111,tour-farina-origin-life-cluelessness-2023,Dave Farina vs James Tour: Are We Clueless About the Origin of Life?,closed,James Tour,Dave Farina,80,79,pro,con,1,False,12,10,0,0,0,0,0,0,0,0,0,0,0,0
112,copan-woodford-belief-god-reasonable-2024,Paul Copan vs Stephen Woodford: Is Belief in God Reasonable?,closed,Paul Copan,Stephen Woodford,78,81,con,pro,3,False,11,9,0,1,0,1,0,2,0,1,0,1,0,2
113,dirckx-woodford-god-suffering-2024,Sharon Dirckx vs Stephen Woodford: Why Doesn't God Stop Suffering?,closed,Sharon Dirckx,Stephen Woodford,79,80,con,pro,1,False,9,8,0,0,0,0,0,0,0,0,0,0,0,0
114,dirckx-goff-consciousness-points-god-2019,Sharon Dirckx vs Philip Goff: Does Consciousness Point to God?,closed,Sharon Dirckx,Philip Goff,79,81,con,pro,2,False,8,10,0,0,0,0,0,0,0,0,0,0,0,0
115,horn-bertuzzi-oconnor-schmid-problem-evil-2022,Trent Horn and Cameron Bertuzzi vs Alex O'Connor and Joe Schmid: Problem of Evil,no_ledger,Trent Horn and Cameron Bertuzzi,Alex O'Connor and Joe Schmid,78,84,con,pro,6,False,13,13,1,1,1,1,1,0,1,1,1,1,1,0
116,bertuzzi-schieber-evil-evidence-2019,Cameron Bertuzzi vs Justin Schieber: The Problem of Evil,closed,Cameron Bertuzzi,Justin Schieber,78,87,con,pro,9,False,8,11,0,0,0,0,0,0,0,0,0,0,0,0
117,bertuzzi-oconnor-contingency-argument-2018,Alex O'Connor vs Cameron Bertuzzi: Something From Nothing?,closed,Cameron Bertuzzi,Alex O'Connor,81,87,con,pro,6,False,10,10,0,0,0,0,0,0,0,0,0,0,0,0
118,hernandez-schieber-god-existence-2023,Eric Hernandez vs Justin Schieber: Does God Exist?,closed,Eric Hernandez,Justin Schieber,74,85,con,pro,11,False,8,11,0,0,0,0,0,0,0,0,0,0,0,0
119,jones-oconnor-hell-2023,Michael Jones vs Alex O'Connor: Does God Send People to Hell?,closed,Michael Jones,Alex O'Connor,80,87,con,pro,7,False,10,9,0,0,0,0,0,0,0,0,0,0,0,0
120,mclatchie-oconnor-christianity-true-2019,Jonathan McLatchie vs Alex O'Connor: Is Christianity True?,closed,Jonathan McLatchie,Alex O'Connor,83,83,tie,tie,0,True,10,9,0,0,0,0,0,0,,,,,,
121,dawkins-lennox-science-buried-god-2017,Richard Dawkins vs John Lennox: Has Science Buried God?,closed,John Lennox,Richard Dawkins,76,82,con,pro,6,False,9,9,0,0,0,0,0,0,0,0,0,0,0,0
122,horn-oconnor-god-existence-2020,Trent Horn vs Alex O'Connor: Does God Exist?,closed,Trent Horn,Alex O'Connor,77,83,con,pro,6,False,10,8,0,0,0,0,0,0,0,0,0,0,0,0
123,oconnor-pine-divine-hiddenness-2024,Gregory Pine vs Alex O'Connor: The Divine Hiddenness Problem,closed,Gregory Pine,Alex O'Connor,74,87,con,pro,13,False,10,10,0,0,0,0,0,0,0,0,0,0,0,0
124,harris-peterson-god-atheism-bible-2018,"Sam Harris vs Jordan Peterson: God, Atheism, The Bible, Jesus",closed,Jordan Peterson,Sam Harris,78,84,con,pro,6,False,12,12,0,0,0,0,0,0,0,0,0,0,0,0
125,knechtles-oconnor-bible-ethics-grace-2024,"Cliffe and Stuart Knechtle vs Alex O'Connor: Bible Slavery, Women, and Forgiveness",no_ledger,Cliffe and Stuart Knechtle,Alex O'Connor,74,86,con,pro,12,False,9,9,5,0,5,0,1,0,5,0,5,0,1,0
126,craig-clifton-kalam-cosmological-argument-2021,William Lane Craig vs Scott Clifton: The Kalam Cosmological Argument,closed,William Lane Craig,Scott Clifton,82,88,con,pro,6,False,9,9,1,1,1,1,0,0,1,1,1,1,0,0
127,slick-clifton-objective-morality-god-2014,Matt Slick vs Scott Clifton: Does Objective Morality Require God?,closed,Matt Slick,Scott Clifton,70,89,con,pro,19,False,12,11,0,0,0,0,0,0,0,0,0,0,0,0
128,craig-law-evil-god-challenge-2011,William Lane Craig vs Stephen Law: Does God Exist?,closed,William Lane Craig,Stephen Law,76,88,con,pro,12,False,10,8,2,1,2,1,0,1,2,1,2,1,0,1
129,plantinga-law-eaan-rational-belief-2010,Alvin Plantinga vs Stephen Law: Is the EAAN Successful?,closed,Alvin Plantinga,Stephen Law,81,81,tie,tie,0,True,10,7,0,0,0,0,0,0,,,,,,
130,licona-carrier-resurrection-history-2010,Mike Licona vs Richard Carrier: Did Jesus Rise From the Dead?,closed,Mike Licona,Richard Carrier,80,83,con,pro,3,False,8,8,0,0,0,0,0,0,0,0,0,0,0,0
131,boyce-carrier-historical-jesus-mythicism-2022,Stephen Boyce vs Richard Carrier: Did Jesus Exist?,closed,Stephen Boyce,Richard Carrier,78,83,con,pro,5,False,10,10,0,0,0,0,0,0,0,0,0,0,0,0
132,mclatchie-carrier-paul-celestial-jesus-2018,Jonathan McLatchie vs Richard Carrier: Did Paul Believe in a Celestial Jesus?,closed,Jonathan McLatchie,Richard Carrier,80,83,con,pro,3,False,9,10,0,0,0,0,0,0,0,0,0,0,0,0
133,hawkins-folley-free-will-idealism-2026,"Nathan Hawkins vs Joe Folley: Free Will, Compatibilism, and Idealism",closed,Nathan Hawkins,Joe Folley,77,85,con,pro,8,False,10,8,0,0,0,0,0,0,0,0,0,0,0,0
134,macdonald-carrier-jesus-mythicism-mimesis-2025,Dennis R. MacDonald vs Richard Carrier: Did Jesus Exist?,closed,Dennis R. MacDonald,Richard Carrier,79,81,con,pro,2,False,10,10,0,0,0,0,0,0,0,0,0,0,0,0
135,ehrman-price-historical-jesus-mythicism-2016,Bart Ehrman vs Robert Price: Did Jesus Exist?,closed,Bart Ehrman,Robert Price,86,81,pro,con,5,False,12,12,0,0,0,0,0,0,0,0,0,0,0,0
136,douthat-ehrman-resurrection-gospel-history-2026,Ross Douthat vs Bart Ehrman: Did Jesus Rise From the Dead?,closed,Ross Douthat,Bart Ehrman,84,86,con,pro,2,False,8,10,0,0,0,0,0,0,0,0,0,0,0,0
137,price-craig-resurrection-historical-analogy-1999,Robert Price vs William Lane Craig: Did Jesus Rise From the Dead?,closed,William Lane Craig,Robert Price,83,80,pro,con,3,False,9,10,0,0,0,0,0,0,0,0,0,0,0,0
138,albrecht-price-bodily-resurrection-2022,William Albrecht vs Robert Price: Did Jesus Bodily Rise from the Dead?,closed,William Albrecht,Robert Price,78,80,con,pro,2,False,9,10,0,0,0,0,0,0,0,0,0,0,0,0
139,adelstein-dillahunty-belief-god-2025,Matthew Adelstein vs Matt Dillahunty: Should We Believe in God?,closed,Matthew Adelstein,Matt Dillahunty,81,89,con,pro,8,False,10,10,0,0,0,0,0,0,0,0,0,0,0,0
140,rhodes-dillahunty-evidence-god-2021,Kenny Rhodes vs Matt Dillahunty: Is There Evidence for God?,closed,Kenny Rhodes,Matt Dillahunty,70,88,con,pro,18,False,10,10,1,1,1,1,0,0,1,1,1,1,0,0
141,fischer-dillahunty-axiomatic-evidence-god-2020,Ben Fischer vs Matt Dillahunty: Is There Good Evidence for God?,closed,Ben Fischer,Matt Dillahunty,68,86,con,pro,18,False,10,10,0,0,0,0,0,0,0,0,0,0,0,0
142,comfort-dillahunty-gospel-atonement-2020,Ray Comfort vs Matt Dillahunty: Does the Gospel Make Sense?,closed,Ray Comfort,Matt Dillahunty,68,86,con,pro,18,False,10,10,1,0,1,0,3,0,1,0,1,0,3,0
143,vela-dillahunty-transcendental-evidence-god-2020,Tyler Vela vs Matt Dillahunty: Is There Good Evidence for God?,closed,Tyler Vela,Matt Dillahunty,76,84,con,pro,8,False,10,10,2,0,2,0,0,1,2,0,2,0,0,1
144,plantinga-dennett-evolution-naturalism-2018,"Alvin Plantinga vs Daniel Dennett: Science, Religion, and Evolution",closed,Alvin Plantinga,Daniel Dennett,83,84,con,pro,1,False,10,9,0,0,0,0,0,0,0,0,0,0,0,0
145,dennett-dsouza-god-human-invention-2007,Daniel Dennett vs Dinesh D'Souza: Is God a Human Invention?,closed,Daniel Dennett,Dinesh D'Souza,80,75,pro,con,5,False,9,10,0,0,0,0,0,0,0,0,0,0,0,0
146,harris-dennett-free-will-2018,Sam Harris vs Daniel Dennett: Does Free Will Exist?,closed,Sam Harris,Daniel Dennett,82,88,con,pro,6,False,10,10,0,0,0,0,0,0,0,0,0,0,0,0
147,dennett-clayton-naturalism-ultimate-reality-2012,Daniel Dennett vs Philip Clayton: Naturalism and Ultimate Reality,closed,Daniel Dennett,Philip Clayton,85,82,pro,con,3,False,9,8,0,0,0,0,0,0,0,0,0,0,0,0
148,baggett-dillahunty-moral-argument-2018,David Baggett vs Matt Dillahunty: The Moral Argument for God,closed,David Baggett,Matt Dillahunty,85,86,con,pro,1,False,11,10,0,0,0,0,0,0,0,0,0,0,0,0
149,alexander-moody-carroll-novella-death-2014,Eben Alexander and Raymond Moody vs Sean Carroll and Steven Novella: Is Death Final?,no_ledger,Eben Alexander and Raymond Moody,Sean Carroll and Steven Novella,58,86,con,pro,28,False,5,5,3,0,3,0,1,0,3,0,3,0,1,0
150,licona-dillahunty-resurrection-evidence-2017,Mike Licona vs Matt Dillahunty: Was Jesus Raised from the Dead?,closed,Mike Licona,Matt Dillahunty,79,88,con,pro,9,False,9,10,0,0,0,0,0,0,0,0,0,0,0,0
151,wood-dillahunty-god-secular-humanism-2020,David Wood vs Matt Dillahunty: God or Secular Humanism?,closed,David Wood,Matt Dillahunty,79,84,con,pro,5,False,10,10,0,0,0,0,0,0,0,0,0,0,0,0
152,knechtle-aron-ra-god-existence-2023,Stuart Knechtle vs Aron Ra: Does God Exist?,closed,Stuart Knechtle,Aron Ra,71,78,con,pro,7,False,11,12,0,0,0,0,0,0,0,0,0,0,0,0
153,oconnor-carter-free-will-determinism-2024,Alex O'Connor vs Dr Alex Carter: Free Will and Determinism,closed,Alex O'Connor,Alex Carter,79,82,con,pro,3,False,9,9,0,0,0,0,0,0,0,0,0,0,0,0
154,koukl-oconnor-kanojia-nonbelief-harm-2025,"Greg Koukl, Alex O'Connor, and Alok Kanojia: Does Nonbelief Cause More Harm Than Good?",no_ledger,Greg Koukl,Alex O'Connor and Alok Kanojia,67,79,con,pro,12,False,6,6,2,1,2,1,0,0,2,1,2,1,0,0
155,turek-shermer-morality-god-science-2015,Frank Turek vs Michael Shermer: Is Morality Better Explained by God or Science?,closed,Frank Turek,Michael Shermer,76,79,con,pro,3,False,10,9,0,0,0,0,0,0,0,0,0,0,0,0
156,harris-prager-religion-morality-public-reason-2014,"Sam Harris vs Dennis Prager: Religion, Morality, and Public Reason",closed,Dennis Prager,Sam Harris,70,81,con,pro,11,False,5,8,0,0,0,0,0,0,0,0,0,0,0,0
157,dillahunty-howitt-christianity-true-2023,Matt Dillahunty vs Lewis Howitt: Is Christianity True?,closed,Lewis Howitt (PerspectivePhilosophy),Matt Dillahunty,71,88,con,pro,17,False,11,12,0,0,0,0,0,0,0,0,0,0,0,0
158,dillahunty-mclatchie-resurrection-evidence-2020,Matt Dillahunty vs Jonathan McLatchie: Is There Strong Evidence for the Resurrection?,closed,Dr Jonathan McLatchie,Matt Dillahunty,78,83,con,pro,5,False,10,10,0,0,0,0,0,0,0,0,0,0,0,0
159,wood-aron-ra-naturalism-2023,David Wood vs Aron Ra: Is Naturalism True?,closed,David Wood,Aron Ra,81,79,pro,con,2,False,10,8,0,0,0,0,0,0,0,0,0,0,0,0
160,pinker-douthat-do-we-need-god-2026,Steven Pinker vs Ross Douthat: Do We Need God?,closed,Ross Douthat,Steven Pinker,80,85,con,pro,5,False,8,9,0,0,0,0,0,0,0,0,0,0,0,0
161,craig-millican-does-god-exist-2011,William Lane Craig vs Peter Millican: Does God Exist?,closed,William Lane Craig,Peter Millican,75,87,con,pro,12,False,12,11,0,0,0,0,0,0,0,0,0,0,0,0
162,craig-kagan-god-morality-2009,William Lane Craig vs Shelly Kagan: Is God Necessary for Morality?,closed,William Lane Craig,Shelly Kagan,76,85,con,pro,9,False,8,12,1,0,1,0,0,0,1,0,1,0,0,0
163,craig-draper-existence-of-god-1997,William Lane Craig vs Paul Draper: The Existence of God,closed,William Lane Craig,Paul Draper,78,85,con,pro,7,False,9,10,0,0,0,0,0,0,0,0,0,0,0,0
164,craig-wielenberg-god-morality-2018,William Lane Craig vs Erik Wielenberg: God and Morality,closed,William Lane Craig,Erik Wielenberg,80,84,con,pro,4,False,10,10,0,0,0,0,0,0,0,0,0,0,0,0
165,craig-rosenberg-faith-god-reasonable-2013,William Lane Craig vs Alex Rosenberg: Is Faith in God Reasonable?,closed,William Lane Craig,Alex Rosenberg,81,76,pro,con,5,False,11,10,0,0,0,0,0,0,0,0,0,0,0,0
166,craig-atkins-does-god-exist-2011,William Lane Craig vs Peter Atkins: Does God Exist?,closed,William Lane Craig,Peter Atkins,83,73,pro,con,10,False,8,8,0,0,0,0,0,0,0,0,0,0,0,0
167,craig-shook-existence-god-2008,William Lane Craig vs John Shook: The Existence of God,closed,William Lane Craig,John Shook,76,83,con,pro,7,False,11,10,0,0,0,0,0,0,0,0,0,0,0,0
168,craig-krauss-evidence-god-2012,William Lane Craig vs Lawrence Krauss: Is There Evidence for God?,closed,William Lane Craig,Lawrence Krauss,83,81,pro,con,2,False,12,12,0,0,0,0,0,0,0,0,0,0,0,0
169,lennox-krauss-universe-god-question-2013,"John Lennox vs Lawrence Krauss: Science, the Universe, and the God Question",closed,John Lennox,Lawrence Krauss,76,84,con,pro,8,False,8,10,0,0,0,0,0,0,0,0,0,0,0,0
170,singer-lennox-is-there-god-2011,Peter Singer vs John Lennox: Is There a God?,closed,John Lennox,Peter Singer,75,86,con,pro,11,False,10,10,0,0,0,0,0,0,0,0,0,0,0,0
171,hitchens-blair-religion-force-good-2010,Christopher Hitchens vs Tony Blair: Is Religion a Force for Good in the World?,closed,Tony Blair,Christopher Hitchens,83,85,con,pro,2,False,11,11,0,0,0,0,0,0,0,0,0,0,0,0
172,hitchens-mcgrath-religious-belief-2007,Christopher Hitchens vs Alister McGrath: Poison or Cure? Religious Belief in the Modern World,closed,Alister McGrath,Christopher Hitchens,80,80,tie,tie,0,True,9,10,0,0,0,0,0,2,,,,,,
173,onaiyekan-widdecombe-fry-hitchens-catholic-church-force-good-2009,John Onaiyekan & Ann Widdecombe vs Stephen Fry & Christopher Hitchens: The Catholic Church Is a Force for Good in the World,no_ledger,John Onaiyekan and Ann Widdecombe,Stephen Fry and Christopher Hitchens,78,92,con,pro,14,False,5,5,3,0,3,0,0,0,3,0,3,0,0,0
174,dawkins-williams-kenny-humanity-ultimate-origins-2012,"Richard Dawkins, Rowan Williams & Anthony Kenny: Humanity's Ultimate Origins",no_ledger,Rowan Williams,Richard Dawkins and Anthony Kenny,86,90,con,pro,4,False,5,5,0,1,0,1,1,2,0,1,0,1,1,2
175,oppy-pearce-is-there-a-god-2022,Graham Oppy vs Kenny Pearce: Is There a God?,closed,Kenny Pearce,Graham Oppy,84,88,con,pro,4,False,9,9,0,0,0,0,0,0,0,0,0,0,0,0
176,ehrman-peter-williams-gospels-historically-reliable-2018,Bart Ehrman vs Peter J. Williams: Are the Gospels Historically Reliable?,closed,Peter J. Williams,Bart Ehrman,83,86,con,pro,3,False,10,10,0,0,0,0,0,0,0,0,0,0,0,0
177,ehrman-wallace-trust-text-new-testament-2011,Bart Ehrman vs Daniel B. Wallace: Can We Trust the Text of the New Testament?,closed,Daniel B. Wallace,Bart Ehrman,83,88,con,pro,5,False,12,10,0,0,0,0,0,0,0,0,0,0,0,0
178,ehrman-licona-who-wrote-gospels-2025,Bart Ehrman vs Michael Licona: Who Wrote the Gospels?,closed,Michael Licona,Bart Ehrman,81,87,con,pro,6,False,10,9,0,0,0,0,0,0,0,0,0,0,0,0
179,craig-ehrman-historical-evidence-resurrection-2006,William Lane Craig vs Bart Ehrman: Is There Historical Evidence for the Resurrection?,closed,William Lane Craig,Bart Ehrman,84,83,pro,con,1,False,10,10,0,1,0,1,0,0,1,0,1,0,0,0
180,ally-licona-did-jesus-rise-dead-2004,Shabir Ally vs Michael Licona: Did Jesus Rise from the Dead?,closed,Michael Licona,Shabir Ally,83,85,con,pro,2,False,8,10,0,0,0,0,0,0,0,0,0,0,0,0
181,habermas-flew-did-jesus-rise-dead-2000,Gary Habermas vs Antony Flew: Did Jesus Rise from the Dead?,closed,Gary Habermas,Antony Flew,87,86,pro,con,1,False,11,9,0,1,0,1,0,0,1,0,1,0,0,0
182,white-ally-sin-salvation-quran-bible-2013,James White vs Shabir Ally: Sin and Salvation in the Qur'an and the Bible,closed,James White,Shabir Ally,79,79,tie,tie,0,True,10,10,0,0,0,0,0,0,,,,,,
183,enoch-clarke-doane-moral-realism-objectivity-2026,David Enoch vs Justin Clarke-Doane: Moral Realism and Objectivity,closed,David Enoch,Justin Clarke-Doane,84,88,con,pro,4,False,10,8,0,0,0,0,0,0,0,0,0,0,0,0
184,enoch-sampson-loeb-lutz-moral-realism-2024,David Enoch & Eric Sampson vs Don Loeb & Matthew Lutz: Is Moral Realism True?,no_ledger,David Enoch & Eric Sampson,Don Loeb & Matthew Lutz,92,91,pro,con,1,False,6,6,0,0,0,0,0,0,0,0,0,0,0,0
185,dennett-caruso-free-will-responsibility-2021,Daniel Dennett vs Gregg Caruso: Free Will and Moral Responsibility,closed,Daniel Dennett,Gregg Caruso,79,89,con,pro,10,False,9,10,0,0,0,0,0,0,0,0,0,0,0,0
186,huemer-sapolsky-free-will-determinism-2024,Michael Huemer vs Robert Sapolsky: Does Free Will Exist—and Does It Matter?,closed,Michael Huemer,Robert Sapolsky,83,80,pro,con,3,False,10,9,1,0,1,0,0,0,0,1,0,1,0,0
187,ward-dennett-more-than-matter-2019,Keith Ward vs Daniel Dennett: Are We More Than Matter?,closed,Keith Ward,Daniel Dennett,76,83,con,pro,7,False,12,11,2,0,2,0,0,0,2,0,2,0,0,0
188,kastrup-blackmore-consciousness-idealism-2023,Bernardo Kastrup vs Susan Blackmore: What Is Consciousness?,closed,Bernardo Kastrup,Susan Blackmore,83,86,con,pro,3,False,9,8,0,0,0,0,0,0,0,0,0,0,0,0
189,tour-cronin-origin-of-life-2020,James Tour vs Lee Cronin: Are We Close to Discovering the Origin of Life?,closed,James Tour,Lee Cronin,82,80,pro,con,2,False,9,10,0,0,0,0,0,0,0,0,0,0,0,0
190,huemer-oppy-souls-personal-identity-2022,Michael Huemer vs Graham Oppy: Do Souls Exist?,closed,Michael Huemer,Graham Oppy,76,84,con,pro,8,False,10,10,0,0,0,0,0,0,0,0,0,0,0,0
191,ruse-rana-origin-life-evolution-design-2013,Michael Ruse vs Fuz Rana: Evolution or Design at Life's Origin?,closed,Michael Ruse,Fuz Rana,82,81,pro,con,1,False,10,10,0,0,0,0,0,0,0,0,0,0,0,0
192,tour-swamidass-origin-life-chemistry-2020,James Tour vs S. Joshua Swamidass: How Close Is Origin-of-Life Science?,closed,James Tour,S. Joshua Swamidass,80,78,pro,con,2,False,8,8,0,0,0,0,0,0,0,0,0,0,0,0
193,crossan-licona-historical-jesus-2018,John Dominic Crossan vs Michael Licona: Who Was the Historical Jesus?,closed,John Dominic Crossan,Michael Licona,82,84,con,pro,2,False,9,10,0,0,0,0,0,0,0,0,0,0,0,0
194,swinburne-millican-does-god-exist-2022,Richard Swinburne vs Peter Millican: Does God Exist?,closed,Richard Swinburne,Peter Millican,81,88,con,pro,7,False,7,10,0,0,0,0,0,0,0,0,0,0,0,0
195,russell-copleston-existence-of-god-1948,Bertrand Russell vs Frederick Copleston: Does God Exist?,closed,Frederick Copleston,Bertrand Russell,78,80,con,pro,2,False,8,10,0,0,0,0,0,0,0,0,0,0,0,0
196,huemer-rasmussen-god-existence-2026,Michael Huemer vs Joshua Rasmussen: Does God Exist?,standalone,Josh Rasmussen,Michael Huemer,77,79,con,pro,2,False,8,12,0,1,0,1,2,1,0,1,0,1,2,1
197,mcgilchrist-seth-consciousness-god-2026,Iain McGilchrist vs Anil Seth: Does Consciousness Point to God?,standalone,Iain McGilchrist,Anil Seth,74,83,con,pro,9,False,15,15,4,0,4,0,3,0,4,0,4,0,3,0
198,ferrer-dillahunty-god-morality-2018,John Ferrer vs Matt Dillahunty: Do We Need God for Morality?,standalone,John Ferrer,Matt Dillahunty,67,83,con,pro,16,False,13,14,4,0,6,0,1,0,4,0,6,0,1,0
199,crummett-watkins-soul-existence-2020,Dustin Crummett vs Ben Watkins: Does the Soul Exist?,standalone,Dustin Crummett,Ben Watkins,82,81,pro,con,1,False,11,9,1,0,1,0,2,1,0,1,0,1,1,2
200,craig-stenger-god-existence-2010,William Lane Craig vs Victor Stenger: Does God Exist?,standalone,William Lane Craig,Victor Stenger,76,69,pro,con,7,False,20,22,0,1,0,1,1,0,1,0,1,0,0,1
201,hernandez-dillahunty-soul-existence-2015,Does the Soul Exist? Eric Hernandez vs. Matt Dillahunty (2015),standalone,Eric Hernandez,Matt Dillahunty,68,82,con,pro,14,False,21,24,3,1,3,1,0,0,3,1,3,1,0,0
202,dawkins-lennox-god-delusion-2007,Is Belief in God a Delusion? Richard Dawkins vs. John Lennox (2007),standalone,Richard Dawkins,John Lennox,76,72,pro,con,4,False,18,21,2,3,2,3,0,0,3,2,3,2,0,0
203,craig-flew-god-existence-1998,Does God Exist? William Lane Craig vs. Antony Flew (1998),standalone,William Lane Craig,Antony Flew,74,77,con,pro,3,False,19,16,5,0,5,0,2,0,5,0,5,0,2,0
204,singer-dsouza-morality-without-god-2008,Can There Be Morality Without God? Dinesh D'Souza vs. Peter Singer (2008),standalone,Dinesh D'Souza,Peter Singer,71,81,con,pro,10,False,14,15,3,0,3,0,3,0,3,0,3,0,3,0
205,horn-watkins-god-existence-2021,Does God Exist? Trent Horn vs. Ben Watkins (2021),standalone,Trent Horn,Ben Watkins,71,75,con,pro,4,False,14,12,5,2,5,2,0,0,5,2,5,2,0,0
206,williams-dawkins-god-science-reality-2026,"God, Science and the Poetry of Reality: Rowan Williams vs. Richard Dawkins (2026)",standalone,Rowan Williams,Richard Dawkins,76,77,con,pro,1,False,12,13,2,4,2,4,2,0,2,4,2,4,2,0
207,peterson-dawkins-memes-archetypes-truth-2024,"Memes, Archetypes, and Religious Truth: Jordan Peterson vs. Richard Dawkins (2024)",standalone,Jordan Peterson,Richard Dawkins,74,86,con,pro,12,False,12,12,3,2,3,2,0,0,3,2,3,2,0,0
208,vela-jones-divine-hiddenness-christian-love-2023,Divine Hiddenness and Christian Love: Tyler Vela vs. Michael Jones (2023),standalone,Tyler Vela,Michael Jones,83,78,pro,con,5,False,10,10,1,1,1,1,1,3,1,1,1,1,3,1
209,oconnor-ruegger-divine-hiddenness-loving-god-2022,Divine Hiddenness and a Loving God: Alex O'Connor vs. Lukas Ruegger (2022),standalone,Alex O'Connor,Lukas Ruegger,85,75,pro,con,10,False,16,13,0,3,0,3,1,2,3,0,3,0,2,1
210,paterson-schmid-divine-hiddenness-relationship-2026,Divine Hiddenness and Religious Evidence: Joe Schmid vs. Dan Paterson (2026),standalone,Joe Schmid,Dan Paterson,88,83,pro,con,5,False,13,13,0,3,0,3,0,3,3,0,3,0,3,0
211,baggini-baker-hytch-divine-hiddenness-2025,Divine Hiddenness and Evidential Ambiguity: Julian Baggini vs. Max Baker-Hytch (2025),standalone,Julian Baggini,Max Baker-Hytch,80,82,con,pro,2,False,12,13,1,2,1,2,0,1,1,2,1,2,0,1
212,craig-carrier-resurrection-2009,Resurrection Evidence and Naturalistic Alternatives: William Lane Craig vs. Richard Carrier (2009),standalone,William Lane Craig,Richard Carrier,80,80,tie,tie,0,True,12,10,3,4,3,4,0,0,,,,,,
213,peterson-zizek-capitalism-marxism-happiness-2019,"Capitalism, Marxism, and Human Happiness: Jordan Peterson vs. Slavoj Žižek (2019)",standalone,Jordan Peterson,Slavoj Žižek,75,78,con,pro,3,False,12,14,3,2,3,2,0,0,3,2,3,2,0,0
214,pageau-woodford-metaphorical-truth-2020,Metaphorical Truth and Religious Patterns: Jonathan Pageau vs. Stephen Woodford (2020),standalone,Jonathan Pageau,Stephen Woodford,74,78,con,pro,4,False,15,15,3,1,3,1,0,0,3,1,3,1,0,0
215,horn-oconnor-christian-belief-2022,Why Be a Christian? Trent Horn vs. Alex O'Connor (2022),standalone,Trent Horn,Alex O'Connor,74,84,con,pro,10,False,14,14,2,0,2,0,1,0,2,0,2,0,1,0
216,harris-wolpe-religion-science-2007,"Religion, Science, and Meaning: Sam Harris vs. David Wolpe (2007)",standalone,David Wolpe,Sam Harris,68,83,con,pro,15,False,14,14,4,0,4,0,0,0,4,0,4,0,0,0
217,douthat-oconnor-religious-belief-obligation-2026,Religious Belief as an Obligation: Ross Douthat vs. Alex O'Connor (2026),standalone,Ross Douthat,Alex O'Connor,69,84,con,pro,15,False,21,17,8,0,8,0,1,0,8,0,8,0,1,0
218,mcgrath-oconnor-new-atheism-failure-2023,Has New Atheism Failed? Alister McGrath vs. Alex O'Connor (2023),standalone,Alister McGrath,Alex O'Connor,73,83,con,pro,10,False,13,15,4,1,5,1,1,0,4,1,5,1,1,0
219,shermer-mcgrath-god-imagination-2017,Is God a Figment of Our Imagination? Michael Shermer vs. Alister McGrath (2017),standalone,Michael Shermer,Alister McGrath,77,72,pro,con,5,False,18,13,0,2,0,2,0,1,2,0,2,0,1,0
220,hirsi-ali-oconnor-christian-conversion-2024,Does Christian Conversion Establish Truth? Ayaan Hirsi Ali vs. Alex O'Connor (2024),standalone,Ayaan Hirsi Ali,Alex O'Connor,71,83,con,pro,12,False,22,15,5,1,5,1,6,1,5,1,5,1,6,1
221,huemer-loeb-moral-realism-2022,Is Moral Realism Better Supported? Michael Huemer vs. Don Loeb (2022),standalone,Michael Huemer,Don Loeb,80,82,con,pro,2,False,16,19,4,0,4,0,2,1,4,0,4,0,2,1
222,lennox-shermer-god-existence-2008,Does God Exist? John Lennox vs. Michael Shermer (2008),standalone,John Lennox,Michael Shermer,76,81,con,pro,5,False,22,19,7,2,8,2,1,0,7,2,8,2,1,0
223,collins-dawkins-science-belief-god-2022,Science and Belief in God: Francis Collins vs. Richard Dawkins (2022),standalone,Francis Collins,Richard Dawkins,76,83,con,pro,7,False,20,22,1,2,1,2,4,0,1,2,1,2,4,0
224,hossenfelder-kastrup-superdeterminism-2022,Is Superdeterminism Scientifically Justified? Sabine Hossenfelder vs. Bernardo Kastrup (2022),standalone,Sabine Hossenfelder,Bernardo Kastrup,85,82,pro,con,3,False,22,17,0,4,0,4,0,2,4,0,4,0,2,0
225,kastrup-jump-analytic-idealism-materialism-2023,Does Analytic Idealism Explain Consciousness Better? Bernardo Kastrup vs. Tom Jump (2023),standalone,Bernardo Kastrup,Tom Jump,83,80,pro,con,3,False,22,18,6,2,6,2,0,0,2,6,2,6,0,0
226,horn-white-purgatory-2024,Is the Doctrine of Purgatory True? Trent Horn vs. James White (2024),standalone,Trent Horn,James White,79,80,con,pro,1,False,21,18,0,0,0,0,0,0,0,0,0,0,0,0
227,oldfield-marriott-meaning-without-god-2026,Is God the Answer to Our Meaning Crisis? Elizabeth Oldfield vs. James Marriott (2026),standalone,Elizabeth Oldfield,James Marriott,75,78,con,pro,3,False,16,16,0,1,0,1,3,0,0,1,0,1,3,0
228,ehrman-evans-new-testament-misquote-jesus-2010,Does the New Testament Misquote Jesus? Bart Ehrman vs. Craig Evans (2010),standalone,Bart Ehrman,Craig Evans,85,83,pro,con,2,False,14,14,3,4,4,4,2,0,4,3,4,4,0,2
